Outlet_ID,Outlet_Name,Total_Sales,Total_Profit,Avg_Profit_Margin,Total_Orders,Total_Footfall,Avg_Conversion_Rate,Avg_Order_Value,Avg_Customer_Satisfaction,Total_Complaints,Months_Recorded,Avg_Monthly_Sales
OUT0001,Franchise Outlet 0001,65503882.04,13292791.99,20.36,37120.0,147671.0,25.13,1762.53,3.26,991.0,40,1637597.05
OUT0002,Franchise Outlet 0002,24944927.22,3786024.64,15.26,27543.0,106322.0,25.9,905.18,3.45,866.0,40,623623.18
OUT0003,Franchise Outlet 0003,70656261.59,13186310.65,18.73,131722.0,417597.0,30.66,536.44,4.09,687.0,40,1766406.54
OUT0004,Franchise Outlet 0004,15001524.36,2734756.27,18.14,17824.0,117417.0,15.2,842.07,3.84,722.0,40,375038.11
OUT0005,Franchise Outlet 0005,72951597.49,14429176.43,19.76,62730.0,322523.0,19.43,1164.29,3.04,1005.0,40,1823789.94
OUT0006,Franchise Outlet 0006,20305395.55,3493614.8,17.37,21580.0,123336.0,18.83,874.37,2.98,1091.0,40,507634.89
OUT0007,Franchise Outlet 0007,29559993.15,5150645.57,17.37,32394.0,155073.0,21.47,868.2,4.13,725.0,40,738999.83
OUT0008,Franchise Outlet 0008,31187279.94,5810177.93,18.4,22752.0,113526.0,20.48,1341.37,3.35,934.0,40,779682.0
OUT0009,Franchise Outlet 0009,202185512.54,39044344.68,19.29,167433.0,526395.0,31.79,1207.15,3.7,773.0,40,5054637.81
OUT0010,Franchise Outlet 0010,89808414.2,18718482.51,20.82,69043.0,270184.0,25.58,1299.96,3.83,745.0,40,2245210.36
OUT0011,Franchise Outlet 0011,29847587.47,5128210.76,17.22,20926.0,227459.0,9.21,1426.71,3.14,1035.0,40,746189.69
OUT0012,Franchise Outlet 0012,127583053.55,22096037.64,17.03,111991.0,490532.0,22.81,1141.31,3.79,742.0,40,3189576.34
OUT0013,Franchise Outlet 0013,58850615.78,11067972.44,18.77,54993.0,200186.0,27.5,1071.54,3.84,771.0,40,1471265.39
OUT0014,Franchise Outlet 0014,53643501.61,10266882.67,19.1,30375.0,148959.0,19.75,1765.33,3.63,810.0,40,1341087.54
OUT0015,Franchise Outlet 0015,63714992.5,11999553.48,18.69,53826.0,277364.0,19.41,1183.27,3.14,1054.0,40,1592874.81
OUT0016,Franchise Outlet 0016,103913418.6,16735467.26,16.3,86087.0,229008.0,37.7,1175.17,4.06,683.0,40,2597835.47
OUT0017,Franchise Outlet 0017,67323220.11,12691058.36,18.85,111228.0,415793.0,26.17,604.27,3.43,895.0,40,1683080.5
OUT0018,Franchise Outlet 0018,56029295.94,11633055.68,20.65,44014.0,146321.0,29.38,1271.43,4.1,712.0,40,1400732.4
OUT0019,Franchise Outlet 0019,74682456.97,12433417.56,16.71,50737.0,154937.0,32.73,1472.13,3.64,798.0,40,1867061.42
OUT0020,Franchise Outlet 0020,32982774.76,6048345.73,18.48,18906.0,163679.0,11.84,1704.9,2.78,1307.0,40,824569.37
OUT0021,Franchise Outlet 0021,194005262.25,37535089.51,19.44,185180.0,488090.0,37.93,1048.5,4.24,644.0,40,4850131.56
OUT0022,Franchise Outlet 0022,48516431.22,9445336.62,19.6,31716.0,238562.0,13.3,1528.83,2.89,1240.0,40,1212910.78
OUT0023,Franchise Outlet 0023,29552178.91,5173828.88,17.52,21380.0,99794.0,21.91,1354.71,3.24,996.0,40,738804.47
OUT0024,Franchise Outlet 0024,40169820.87,7363612.34,18.38,41546.0,228363.0,18.22,915.62,3.43,881.0,40,1004245.52
OUT0025,Franchise Outlet 0025,82350644.29,13828805.93,16.91,52218.0,189385.0,28.23,1540.81,4.15,665.0,40,2058766.11
OUT0026,Franchise Outlet 0026,109471057.4,18608500.88,17.17,139514.0,507430.0,27.48,785.32,3.71,809.0,40,2736776.44
OUT0027,Franchise Outlet 0027,77416103.08,12555671.41,16.15,45632.0,279860.0,15.86,1698.34,3.29,922.0,40,1935402.58
OUT0028,Franchise Outlet 0028,210025684.64,34749918.75,16.82,160672.0,475839.0,32.97,1306.32,4.08,649.0,40,5250642.12
OUT0029,Franchise Outlet 0029,63993908.94,11877061.44,18.58,39621.0,221764.0,18.26,1578.03,3.02,1053.0,40,1599847.72
OUT0030,Franchise Outlet 0030,16742580.69,3268510.16,19.58,11292.0,71053.0,15.92,1482.81,3.01,1048.0,40,418564.52
OUT0031,Franchise Outlet 0031,113065239.41,18681258.79,16.61,83007.0,344051.0,24.95,1319.87,3.96,707.0,40,2826630.99
OUT0032,Franchise Outlet 0032,66966652.14,11868195.31,17.74,37759.0,189647.0,20.36,1737.89,2.91,1214.0,40,1674166.3
OUT0033,Franchise Outlet 0033,190772640.76,38897235.49,20.16,151685.0,532634.0,28.51,1256.92,4.06,766.0,40,4769316.02
OUT0034,Franchise Outlet 0034,82571558.45,13701105.61,16.48,74001.0,283887.0,26.07,1085.16,3.61,831.0,40,2064288.96
OUT0035,Franchise Outlet 0035,32242394.45,5981544.96,18.37,67331.0,230151.0,28.4,479.07,3.79,725.0,40,806059.86
OUT0036,Franchise Outlet 0036,61604757.39,11917469.69,19.08,62209.0,337360.0,18.41,989.55,3.19,974.0,40,1540118.93
OUT0037,Franchise Outlet 0037,53102329.85,8754625.06,16.36,29953.0,158072.0,18.95,1775.11,2.89,1112.0,40,1327558.25
OUT0038,Franchise Outlet 0038,22199881.34,4115877.38,18.69,46993.0,290508.0,16.2,472.28,2.96,1072.0,40,554997.03
OUT0039,Franchise Outlet 0039,115867619.26,22192651.8,19.03,96042.0,307053.0,32.2,1172.77,3.95,692.0,40,2896690.48
OUT0040,Franchise Outlet 0040,98160575.83,16097381.39,16.36,58655.0,318543.0,17.97,1674.74,2.76,1320.0,40,2454014.4
OUT0041,Franchise Outlet 0041,98873002.78,17896333.43,18.21,114823.0,431917.0,26.56,858.44,3.36,1001.0,40,2471825.07
OUT0042,Franchise Outlet 0042,20379695.4,3606682.01,17.39,12630.0,61327.0,20.63,1612.25,2.75,1232.0,40,509492.39
OUT0043,Franchise Outlet 0043,31121781.63,5493295.27,17.6,24406.0,102710.0,23.73,1275.47,3.29,977.0,40,778044.54
OUT0044,Franchise Outlet 0044,169229896.7,34008116.7,20.2,119575.0,464626.0,25.73,1415.38,3.37,896.0,40,4230747.42
OUT0045,Franchise Outlet 0045,5369232.57,915170.66,17.09,11548.0,75355.0,15.33,463.72,2.71,1309.0,40,134230.81
OUT0046,Franchise Outlet 0046,41734150.56,7688982.4,18.46,60127.0,345066.0,17.43,694.0,3.36,854.0,40,1043353.76
OUT0047,Franchise Outlet 0047,33012652.63,6397066.38,19.39,34599.0,129391.0,27.5,930.36,3.67,766.0,40,825316.32
OUT0048,Franchise Outlet 0048,69992589.36,12229431.17,17.46,52854.0,219505.0,23.47,1321.66,3.72,773.0,40,1749814.73
OUT0049,Franchise Outlet 0049,133342045.51,25611725.94,19.0,114802.0,464329.0,24.71,1161.52,4.18,696.0,40,3333551.14
OUT0050,Franchise Outlet 0050,18617709.24,3407992.8,18.31,20202.0,255487.0,7.92,921.66,3.65,748.0,40,465442.73
OUT0051,Franchise Outlet 0051,140698948.77,26967696.21,19.19,102356.0,482825.0,21.26,1374.81,3.6,787.0,40,3517473.72
OUT0052,Franchise Outlet 0052,23485129.64,4075207.99,17.52,43115.0,154633.0,26.47,544.74,3.31,958.0,40,587128.24
OUT0053,Franchise Outlet 0053,20067997.03,3077948.45,15.57,43138.0,262426.0,16.0,465.38,2.82,1323.0,40,501699.93
OUT0054,Franchise Outlet 0054,37855530.25,6439504.15,17.01,32211.0,242691.0,12.92,1174.6,2.85,1208.0,40,946388.26
OUT0055,Franchise Outlet 0055,59770161.48,11241855.53,18.64,33506.0,209905.0,16.0,1782.82,3.44,890.0,40,1494254.04
OUT0056,Franchise Outlet 0056,50738980.94,10196073.07,19.9,45685.0,252186.0,17.16,1111.13,2.86,1318.0,40,1268474.52
OUT0057,Franchise Outlet 0057,36022508.22,6605216.17,18.27,76883.0,436108.0,18.04,459.16,3.67,825.0,40,900562.71
OUT0058,Franchise Outlet 0058,29713698.83,5089489.84,17.05,44746.0,222793.0,20.1,663.84,3.12,989.0,40,742842.47
OUT0059,Franchise Outlet 0059,47886719.73,8980112.93,18.72,77887.0,293653.0,27.1,602.19,3.6,816.0,40,1197167.99
OUT0060,Franchise Outlet 0060,45891145.45,7824131.68,17.08,67841.0,370467.0,18.77,660.15,3.64,807.0,40,1147278.64
OUT0061,Franchise Outlet 0061,169931924.09,32175325.73,18.82,106854.0,367161.0,29.13,1589.22,3.99,698.0,40,4248298.1
OUT0062,Franchise Outlet 0062,14551015.17,2598773.65,17.71,29995.0,125299.0,23.37,485.98,3.51,872.0,40,363775.38
OUT0063,Franchise Outlet 0063,74852501.76,11714429.89,15.52,50325.0,297441.0,17.85,1411.65,3.35,921.0,40,1871312.54
OUT0064,Franchise Outlet 0064,42265084.36,8109183.52,19.14,51122.0,246246.0,20.29,827.03,3.51,859.0,40,1056627.11
OUT0065,Franchise Outlet 0065,53803532.83,10551049.9,19.41,90128.0,404476.0,23.4,567.94,3.79,798.0,40,1345088.32
OUT0066,Franchise Outlet 0066,48727674.37,8764457.34,17.9,30689.0,166684.0,18.42,1588.71,4.11,675.0,40,1218191.86
OUT0067,Franchise Outlet 0067,188384892.33,35867933.9,19.04,102478.0,510935.0,20.53,1796.37,3.66,774.0,40,4709622.31
OUT0068,Franchise Outlet 0068,98670793.62,18280886.27,18.57,62240.0,362322.0,17.21,1583.36,3.13,1043.0,40,2466769.84
OUT0069,Franchise Outlet 0069,33046761.77,5841270.48,17.43,49130.0,309393.0,15.89,672.08,3.3,934.0,40,826169.04
OUT0070,Franchise Outlet 0070,62017947.96,10655023.42,17.02,53252.0,168428.0,30.73,1163.87,3.93,708.0,40,1550448.7
OUT0071,Franchise Outlet 0071,75675127.57,14427135.37,19.15,42787.0,221967.0,19.3,1770.51,3.01,1047.0,40,1891878.19
OUT0072,Franchise Outlet 0072,37862408.36,7233884.31,19.14,58731.0,341783.0,17.18,644.64,2.83,1166.0,40,946560.21
OUT0073,Franchise Outlet 0073,20701492.04,3266297.27,15.82,13866.0,108952.0,13.36,1421.52,3.11,1042.0,40,517537.3
OUT0074,Franchise Outlet 0074,57767512.43,11305800.44,19.47,98423.0,273861.0,35.84,574.1,3.59,870.0,40,1444187.81
OUT0075,Franchise Outlet 0075,44007583.51,8847038.81,19.85,38290.0,178670.0,22.01,1122.94,3.37,868.0,40,1100189.59
OUT0076,Franchise Outlet 0076,73716565.39,12251141.77,16.79,41079.0,260655.0,15.78,1793.64,2.96,1133.0,40,1842914.13
OUT0077,Franchise Outlet 0077,62485670.77,11822593.02,18.69,65184.0,250600.0,26.01,959.79,4.15,664.0,40,1562141.77
OUT0078,Franchise Outlet 0078,37301424.31,6571296.68,17.68,50697.0,284550.0,17.3,736.28,2.7,1354.0,40,932535.61
OUT0079,Franchise Outlet 0079,153453990.94,27167124.39,17.52,154377.0,508841.0,30.36,993.32,3.67,764.0,40,3836349.77
OUT0080,Franchise Outlet 0080,55166545.72,11086555.42,20.04,48042.0,329280.0,15.03,1112.03,2.83,1144.0,40,1379163.64
OUT0081,Franchise Outlet 0081,40999328.41,7370636.54,17.92,50776.0,214001.0,24.27,787.67,4.19,690.0,40,1024983.21
OUT0082,Franchise Outlet 0082,142219099.66,24917954.15,17.69,111159.0,500237.0,22.24,1277.88,3.98,729.0,40,3555477.49
OUT0083,Franchise Outlet 0083,76936704.22,13704990.09,18.13,73582.0,260039.0,28.32,1045.31,4.02,699.0,40,1923417.61
OUT0084,Franchise Outlet 0084,41076430.38,8002751.52,19.26,28442.0,152466.0,18.66,1447.83,3.12,1035.0,40,1026910.76
OUT0085,Franchise Outlet 0085,117096849.42,21045825.23,17.93,86161.0,332389.0,25.26,1361.46,3.82,756.0,40,2927421.24
OUT0086,Franchise Outlet 0086,229758761.57,37312373.0,16.21,185305.0,569977.0,32.53,1241.49,4.0,691.0,40,5743969.04
OUT0087,Franchise Outlet 0087,94450520.43,15029370.2,16.03,78743.0,283424.0,26.33,1198.41,3.56,785.0,40,2361263.01
OUT0088,Franchise Outlet 0088,92427486.06,17744825.19,19.26,56457.0,344139.0,16.4,1638.22,2.89,1158.0,40,2310687.15
OUT0089,Franchise Outlet 0089,27456527.65,4630413.43,16.8,24687.0,144181.0,17.63,1083.64,3.03,1101.0,40,686413.19
OUT0090,Franchise Outlet 0090,25292939.94,4695833.13,18.55,43249.0,175968.0,24.58,584.7,2.89,1239.0,40,632323.5
OUT0091,Franchise Outlet 0091,174485188.29,31541110.36,18.18,175233.0,552003.0,31.75,994.91,3.83,750.0,40,4362129.71
OUT0092,Franchise Outlet 0092,22046052.6,3677703.79,16.74,26168.0,231605.0,11.28,824.63,2.68,1268.0,40,551151.32
OUT0093,Franchise Outlet 0093,32970753.66,6464652.5,19.68,29464.0,150507.0,19.58,1120.02,3.02,1105.0,40,824268.84
OUT0094,Franchise Outlet 0094,22825276.78,3865173.06,16.81,19817.0,104636.0,18.96,1151.84,2.82,1202.0,40,570631.92
OUT0095,Franchise Outlet 0095,36333059.96,6040849.53,16.79,40365.0,197709.0,20.43,900.21,3.75,763.0,40,908326.5
OUT0096,Franchise Outlet 0096,96207939.54,16344823.14,17.24,155654.0,389202.0,42.01,589.58,4.3,662.0,40,2405198.49
OUT0097,Franchise Outlet 0097,99415016.4,18373726.88,18.33,70003.0,476411.0,15.04,1388.98,3.61,855.0,40,2485375.41
OUT0098,Franchise Outlet 0098,56188744.1,9449415.98,16.72,32811.0,257112.0,12.77,1711.88,2.73,1286.0,40,1404718.6
OUT0099,Franchise Outlet 0099,59694502.74,11480989.91,19.16,129444.0,430353.0,29.43,462.26,3.66,803.0,40,1492362.57
OUT0100,Franchise Outlet 0100,132153374.85,24201664.69,18.16,106043.0,457312.0,22.15,1245.94,3.46,887.0,40,3303834.37
OUT0101,Franchise Outlet 0101,29761114.03,5906230.82,20.09,54174.0,168084.0,31.41,549.49,3.91,769.0,40,744027.85
OUT0102,Franchise Outlet 0102,79740238.09,14409602.79,18.04,67444.0,315689.0,21.4,1182.48,2.99,1154.0,40,1993505.95
OUT0103,Franchise Outlet 0103,81818080.19,14317789.04,17.59,114425.0,544509.0,20.61,715.69,4.33,666.0,40,2045452.0
OUT0104,Franchise Outlet 0104,111218742.5,19818846.26,17.71,70356.0,372826.0,19.31,1545.71,3.42,887.0,40,2780468.56
OUT0105,Franchise Outlet 0105,74939711.08,11652824.42,15.68,81842.0,327960.0,24.98,916.32,3.74,816.0,40,1873492.78
OUT0106,Franchise Outlet 0106,76565597.08,13992590.49,18.18,80172.0,281427.0,28.53,956.43,4.14,678.0,40,1914139.93
OUT0107,Franchise Outlet 0107,71722968.69,13489521.18,18.64,49377.0,271196.0,18.17,1452.67,3.73,790.0,40,1793074.22
OUT0108,Franchise Outlet 0108,137007323.28,25707293.93,18.61,98853.0,440078.0,21.42,1385.01,3.57,822.0,40,3425183.08
OUT0109,Franchise Outlet 0109,130492724.1,21327708.05,16.31,100372.0,459579.0,21.86,1299.58,3.56,850.0,40,3262318.1
OUT0110,Franchise Outlet 0110,51562057.58,9030816.81,17.54,79111.0,317635.0,24.28,652.33,3.36,974.0,40,1289051.44
OUT0111,Franchise Outlet 0111,116657786.64,21075600.53,18.18,89189.0,382926.0,22.8,1306.65,3.88,743.0,40,2916444.67
OUT0112,Franchise Outlet 0112,87936095.63,16136599.62,18.24,52348.0,205110.0,25.47,1681.26,3.96,722.0,40,2198402.39
OUT0113,Franchise Outlet 0113,9857606.74,1825204.73,18.53,21740.0,94162.0,23.11,453.26,3.41,892.0,40,246440.17
OUT0114,Franchise Outlet 0114,23539202.49,4466924.3,19.07,21098.0,89299.0,23.71,1116.63,3.62,853.0,40,588480.06
OUT0115,Franchise Outlet 0115,31922764.71,5818314.07,18.09,28090.0,215187.0,13.05,1136.9,3.03,1071.0,40,798069.12
OUT0116,Franchise Outlet 0116,212770999.6,41844076.3,19.71,125520.0,591873.0,21.67,1654.25,3.92,709.0,40,5319274.99
OUT0117,Franchise Outlet 0117,30199957.09,5716734.47,18.97,40909.0,205510.0,19.42,736.51,2.87,1251.0,40,754998.93
OUT0118,Franchise Outlet 0118,166413338.19,33038052.11,19.93,97258.0,344871.0,28.89,1671.0,3.82,732.0,40,4160333.45
OUT0119,Franchise Outlet 0119,109329583.54,20629699.05,18.91,85835.0,373422.0,23.0,1274.14,3.51,895.0,40,2733239.59
OUT0120,Franchise Outlet 0120,17588118.57,3435091.42,19.67,18870.0,86663.0,21.36,931.86,2.79,1171.0,40,439702.96
OUT0121,Franchise Outlet 0121,23209209.0,3768855.92,16.33,14453.0,107924.0,13.44,1605.14,2.9,1192.0,40,580230.22
OUT0122,Franchise Outlet 0122,47499566.94,9004688.59,18.83,39808.0,168976.0,22.34,1193.73,3.18,996.0,40,1187489.17
OUT0123,Franchise Outlet 0123,64858717.95,11233847.94,17.38,50226.0,227374.0,22.09,1291.76,3.6,873.0,40,1621467.95
OUT0124,Franchise Outlet 0124,23865131.63,3592777.03,15.04,19229.0,135211.0,14.25,1241.03,2.99,1046.0,40,596628.29
OUT0125,Franchise Outlet 0125,37393841.95,6305621.94,16.84,31117.0,176187.0,18.58,1143.63,2.84,1244.0,40,934846.05
OUT0126,Franchise Outlet 0126,86078177.48,13573509.15,15.78,68981.0,345728.0,19.5,1246.01,3.24,933.0,40,2151954.44
OUT0127,Franchise Outlet 0127,141799353.42,24381676.08,17.07,91391.0,447668.0,20.86,1516.74,3.56,792.0,40,3544983.84
OUT0128,Franchise Outlet 0128,34862457.16,6640996.71,18.94,39064.0,302749.0,12.92,893.11,2.81,1238.0,40,871561.43
OUT0129,Franchise Outlet 0129,236703859.15,41371608.76,17.43,169351.0,516712.0,32.8,1397.31,3.9,689.0,40,5917596.48
OUT0130,Franchise Outlet 0130,24822783.19,4976636.94,19.91,40187.0,135917.0,29.66,617.24,4.04,749.0,40,620569.58
OUT0131,Franchise Outlet 0131,30607496.21,5578594.45,17.99,26535.0,163984.0,16.58,1125.54,3.11,1023.0,40,765187.41
OUT0132,Franchise Outlet 0132,40020483.09,7549596.14,18.93,61425.0,294627.0,20.35,651.97,3.34,1003.0,40,1000512.08
OUT0133,Franchise Outlet 0133,40043776.81,7212845.04,17.72,23194.0,164024.0,14.15,1728.82,3.36,906.0,40,1001094.42
OUT0134,Franchise Outlet 0134,57256088.32,10765772.12,18.96,38932.0,122377.0,31.77,1471.25,4.18,697.0,40,1431402.21
OUT0135,Franchise Outlet 0135,37217038.84,6639642.98,17.7,22314.0,105336.0,20.63,1667.38,3.11,1106.0,40,930425.97
OUT0136,Franchise Outlet 0136,10152780.5,1788641.27,17.7,19552.0,119131.0,17.33,479.15,3.18,1060.0,40,253819.51
OUT0137,Franchise Outlet 0137,186311405.54,34677540.23,18.56,115326.0,399921.0,28.87,1617.41,3.58,824.0,40,4657785.14
OUT0138,Franchise Outlet 0138,58550176.58,10171091.04,17.26,61356.0,329338.0,18.62,954.92,3.26,944.0,40,1463754.41
OUT0139,Franchise Outlet 0139,111380943.0,20542256.75,18.33,62455.0,446425.0,14.0,1786.2,3.33,904.0,40,2784523.58
OUT0140,Franchise Outlet 0140,126933817.51,23409569.89,18.5,95581.0,300237.0,31.87,1327.78,3.7,834.0,40,3173345.44
OUT0141,Franchise Outlet 0141,49269008.05,9940468.84,19.78,50072.0,239714.0,20.88,984.35,3.21,947.0,40,1231725.2
OUT0142,Franchise Outlet 0142,21453050.46,3602389.82,16.8,22037.0,73292.0,30.11,973.25,3.32,919.0,40,536326.26
OUT0143,Franchise Outlet 0143,34620767.43,6260125.17,17.69,26775.0,128549.0,20.42,1290.8,3.07,1123.0,40,865519.19
OUT0144,Franchise Outlet 0144,20710054.85,3453819.07,16.71,36613.0,161082.0,22.75,565.62,3.17,949.0,40,517751.37
OUT0145,Franchise Outlet 0145,37619848.88,6604891.36,17.44,31669.0,256405.0,12.36,1187.13,2.66,1399.0,40,940496.22
OUT0146,Franchise Outlet 0146,42118625.37,7378721.76,17.6,83539.0,316564.0,26.46,504.96,3.39,874.0,40,1052965.63
OUT0147,Franchise Outlet 0147,59151026.58,10996601.6,18.83,38848.0,182935.0,21.26,1525.57,3.52,771.0,40,1478775.66
OUT0148,Franchise Outlet 0148,31193984.92,5386870.53,17.28,28877.0,160505.0,18.01,1080.74,2.91,1196.0,40,779849.62
OUT0149,Franchise Outlet 0149,91800740.07,15349533.54,16.77,96703.0,355053.0,27.22,951.97,3.56,828.0,40,2295018.5
OUT0150,Franchise Outlet 0150,28398205.01,5308315.91,18.64,22105.0,151281.0,14.26,1286.6,2.91,1208.0,40,709955.13
OUT0151,Franchise Outlet 0151,88285266.65,16318171.08,18.62,51141.0,176290.0,28.29,1726.51,3.78,748.0,40,2207131.67
OUT0152,Franchise Outlet 0152,30203537.69,5261588.21,17.42,56876.0,283965.0,20.02,530.82,3.01,1112.0,40,755088.44
OUT0153,Franchise Outlet 0153,102746534.07,16934761.44,16.39,64964.0,227773.0,27.77,1580.9,4.17,709.0,40,2568663.35
OUT0154,Franchise Outlet 0154,51211149.51,8988869.14,17.58,32549.0,178670.0,18.27,1573.99,2.86,1150.0,40,1280278.74
OUT0155,Franchise Outlet 0155,55163992.06,10197826.26,18.65,86658.0,443032.0,19.58,637.11,3.37,811.0,40,1379099.8
OUT0156,Franchise Outlet 0156,70508739.3,12419496.55,17.64,51027.0,227820.0,23.6,1313.6,2.95,1049.0,40,1762718.48
OUT0157,Franchise Outlet 0157,58057622.05,12466296.33,21.56,65306.0,189606.0,34.45,889.23,4.09,666.0,40,1451440.55
OUT0158,Franchise Outlet 0158,177855605.66,33730637.92,18.98,133794.0,500514.0,26.77,1326.03,3.94,698.0,40,4446390.14
OUT0159,Franchise Outlet 0159,42851542.18,7704765.77,18.23,45058.0,270334.0,16.66,951.72,3.17,955.0,40,1071288.55
OUT0160,Franchise Outlet 0160,76781018.33,16651704.15,21.59,51027.0,262147.0,20.01,1465.09,3.29,975.0,40,1919525.46
OUT0161,Franchise Outlet 0161,59702932.8,10322996.55,17.28,36806.0,210744.0,17.47,1618.64,2.75,1207.0,40,1492573.32
OUT0162,Franchise Outlet 0162,18729811.86,3396883.01,17.97,24470.0,165907.0,14.76,766.46,2.74,1329.0,40,468245.3
OUT0163,Franchise Outlet 0163,50477725.13,9428862.12,18.81,52248.0,240400.0,21.22,967.22,3.91,716.0,40,1261943.13
OUT0164,Franchise Outlet 0164,30207657.73,5094560.83,17.01,40704.0,287954.0,13.79,741.59,2.82,1244.0,40,755191.44
OUT0165,Franchise Outlet 0165,99693497.85,18231929.82,18.4,102965.0,475000.0,21.69,968.45,3.65,783.0,40,2492337.45
OUT0166,Franchise Outlet 0166,114006082.42,20805226.29,18.02,79282.0,371283.0,20.77,1437.33,2.97,1106.0,40,2850152.06
OUT0167,Franchise Outlet 0167,74909510.08,11276399.01,14.95,52898.0,203554.0,26.03,1415.19,3.88,744.0,40,1872737.75
OUT0168,Franchise Outlet 0168,21275840.25,3565340.04,16.8,44592.0,183082.0,24.39,477.9,3.78,751.0,40,531896.01
OUT0169,Franchise Outlet 0169,47070518.02,7872231.38,16.51,47412.0,205568.0,22.55,992.5,2.86,1255.0,40,1176762.95
OUT0170,Franchise Outlet 0170,29899597.43,4993975.17,16.7,39518.0,210196.0,18.83,757.29,3.42,814.0,40,747489.94
OUT0171,Franchise Outlet 0171,118437263.86,22644512.99,19.08,120110.0,433924.0,27.68,985.34,3.82,749.0,40,2960931.6
OUT0172,Franchise Outlet 0172,43204216.98,6644621.11,15.55,31348.0,214110.0,14.29,1378.55,2.86,1246.0,40,1080105.42
OUT0173,Franchise Outlet 0173,41319480.56,7526984.1,18.02,27489.0,183433.0,14.63,1464.54,2.85,1284.0,40,1032987.01
OUT0174,Franchise Outlet 0174,43033305.29,7762019.62,18.05,76512.0,353839.0,21.02,562.03,3.3,943.0,40,1075832.63
OUT0175,Franchise Outlet 0175,103271994.74,18872217.43,18.19,216987.0,632712.0,34.32,476.73,4.21,685.0,40,2581799.87
OUT0176,Franchise Outlet 0176,58515320.88,10460181.37,17.87,36080.0,250933.0,14.38,1626.3,2.74,1282.0,40,1462883.02
OUT0177,Franchise Outlet 0177,110951209.37,19852734.94,17.9,75597.0,334236.0,22.63,1466.46,3.53,775.0,40,2773780.23
OUT0178,Franchise Outlet 0178,118164568.54,21736977.37,18.49,106759.0,448869.0,23.81,1107.36,3.87,737.0,40,2954114.21
OUT0179,Franchise Outlet 0179,152768870.98,26406903.02,17.2,86436.0,369381.0,24.08,1717.91,3.27,986.0,40,3819221.77
OUT0180,Franchise Outlet 0180,45198563.6,8143597.79,18.07,31715.0,131434.0,24.81,1388.56,3.66,777.0,40,1129964.09
OUT0181,Franchise Outlet 0181,90807478.07,15691706.41,17.53,96969.0,477978.0,20.27,910.61,3.84,728.0,40,2270186.95
OUT0182,Franchise Outlet 0182,76296616.03,13032081.75,17.03,52125.0,303436.0,16.75,1464.48,2.93,1175.0,40,1907415.4
OUT0183,Franchise Outlet 0183,54712681.78,9537805.87,17.39,51621.0,208903.0,24.78,1060.9,3.29,900.0,40,1367817.04
OUT0184,Franchise Outlet 0184,6226955.32,1144446.94,18.34,8240.0,83073.0,9.93,756.42,2.71,1297.0,40,155673.88
OUT0185,Franchise Outlet 0185,53654732.7,9966783.9,18.59,40109.0,171235.0,22.88,1337.67,4.03,685.0,40,1341368.32
OUT0186,Franchise Outlet 0186,33538945.14,5811915.95,17.41,25863.0,141795.0,18.26,1297.23,3.51,845.0,40,838473.63
OUT0187,Franchise Outlet 0187,38138133.5,6754588.35,17.72,45084.0,367190.0,12.36,820.29,3.05,1086.0,40,953453.34
OUT0188,Franchise Outlet 0188,26253354.44,4306440.48,16.52,20241.0,111697.0,18.17,1298.36,2.97,1116.0,40,656333.86
OUT0189,Franchise Outlet 0189,10498703.37,1890650.65,17.99,12764.0,77089.0,16.96,803.23,2.98,1135.0,40,262467.58
OUT0190,Franchise Outlet 0190,68437937.77,10930748.5,16.01,47389.0,167236.0,27.68,1443.85,3.65,824.0,40,1710948.44
OUT0191,Franchise Outlet 0191,17695119.38,3267965.86,18.61,24596.0,285038.0,8.64,719.08,2.66,1272.0,40,442377.98
OUT0192,Franchise Outlet 0192,176435197.5,30563709.03,17.37,187526.0,566533.0,33.13,940.96,4.09,717.0,40,4410879.94
OUT0193,Franchise Outlet 0193,52480242.89,9191933.79,17.43,57460.0,325780.0,17.18,914.34,3.23,935.0,40,1312006.07
OUT0194,Franchise Outlet 0194,117733866.94,22144317.62,18.99,67960.0,242526.0,27.37,1731.29,3.98,690.0,40,2943346.67
OUT0195,Franchise Outlet 0195,102872733.11,19768510.44,19.26,119440.0,507407.0,23.0,862.79,4.01,692.0,40,2571818.33
OUT0196,Franchise Outlet 0196,85977347.94,14890232.11,17.26,127152.0,414490.0,30.68,675.93,3.79,783.0,40,2149433.7
OUT0197,Franchise Outlet 0197,85899587.31,15839681.44,18.49,51918.0,306164.0,16.98,1655.2,3.27,901.0,40,2147489.68
OUT0198,Franchise Outlet 0198,90829493.99,16965147.16,18.52,65175.0,334362.0,20.02,1356.99,3.22,994.0,40,2270737.35
OUT0199,Franchise Outlet 0199,122213704.39,22366120.8,18.18,67611.0,345494.0,19.54,1807.2,3.27,909.0,40,3055342.61
OUT0200,Franchise Outlet 0200,22369604.98,3909351.4,17.22,43283.0,177873.0,24.34,516.81,4.19,660.0,40,559240.12
OUT0201,Franchise Outlet 0201,17169497.67,3324199.29,19.5,15004.0,123734.0,11.83,1142.63,3.53,859.0,40,429237.44
OUT0202,Franchise Outlet 0202,65719564.22,11926770.63,17.97,63766.0,176975.0,36.02,1029.19,4.07,745.0,40,1642989.11
OUT0203,Franchise Outlet 0203,183678005.24,29088094.75,15.69,112338.0,457424.0,23.36,1635.93,3.74,776.0,40,4591950.13
OUT0204,Franchise Outlet 0204,12399934.93,2193584.64,17.7,10392.0,78386.0,13.26,1192.28,2.91,1183.0,40,309998.37
OUT0205,Franchise Outlet 0205,8459457.88,1608863.42,18.94,13213.0,96522.0,13.72,640.36,2.76,1242.0,40,211486.45
OUT0206,Franchise Outlet 0206,62003434.63,11863833.72,19.21,118760.0,498732.0,23.85,521.61,3.94,789.0,40,1550085.87
OUT0207,Franchise Outlet 0207,93525771.14,16620584.05,17.82,102831.0,450973.0,23.3,891.75,3.89,727.0,40,2338144.28
OUT0208,Franchise Outlet 0208,21024475.01,3634272.94,17.45,23087.0,126469.0,18.25,912.02,3.17,1052.0,40,525611.88
OUT0209,Franchise Outlet 0209,78035815.01,12881371.93,16.69,59706.0,330487.0,18.08,1306.17,3.28,1029.0,40,1950895.38
OUT0210,Franchise Outlet 0210,66069880.96,12112383.95,18.37,38786.0,147060.0,25.76,1700.0,3.74,762.0,40,1651747.02
OUT0211,Franchise Outlet 0211,70793002.67,13118478.16,18.19,47989.0,315903.0,15.21,1473.93,3.33,961.0,40,1769825.07
OUT0212,Franchise Outlet 0212,81431204.13,14676133.93,17.87,84934.0,283624.0,29.22,960.26,3.59,753.0,40,2035780.1
OUT0213,Franchise Outlet 0213,52501814.89,10120745.15,19.22,34250.0,137281.0,24.97,1534.28,3.3,910.0,40,1312545.37
OUT0214,Franchise Outlet 0214,28225305.4,4826324.31,17.03,29582.0,163932.0,18.53,933.35,2.62,1323.0,40,705632.64
OUT0215,Franchise Outlet 0215,61308788.18,11873235.26,19.36,87315.0,394824.0,22.12,702.64,3.93,737.0,40,1532719.7
OUT0216,Franchise Outlet 0216,34828705.95,5809048.65,16.47,42447.0,136633.0,31.78,804.47,3.83,676.0,40,870717.65
OUT0217,Franchise Outlet 0217,68853227.82,11678005.0,17.13,150837.0,486575.0,31.0,455.62,4.03,727.0,40,1721330.7
OUT0218,Franchise Outlet 0218,92123456.05,16629761.43,18.08,67756.0,331258.0,20.5,1326.16,3.59,851.0,40,2303086.4
OUT0219,Franchise Outlet 0219,44586486.89,6906738.32,15.32,65111.0,287125.0,21.53,684.55,3.53,864.0,40,1114662.17
OUT0220,Franchise Outlet 0220,19140318.94,3061925.69,16.1,29539.0,112504.0,25.66,647.64,4.2,626.0,40,478507.97
OUT0221,Franchise Outlet 0221,123904349.92,21175257.05,17.13,86235.0,307015.0,28.07,1435.92,3.63,803.0,40,3097608.75
OUT0222,Franchise Outlet 0222,103030598.69,17795632.39,17.38,95176.0,261385.0,36.46,1082.73,4.11,595.0,40,2575764.97
OUT0223,Franchise Outlet 0223,47794591.14,8699486.66,18.44,58096.0,337773.0,17.23,823.3,2.83,1254.0,40,1194864.78
OUT0224,Franchise Outlet 0224,64102834.17,10713539.74,16.68,105997.0,263122.0,40.24,604.26,4.17,674.0,40,1602570.85
OUT0225,Franchise Outlet 0225,84399377.28,13260973.02,15.4,48083.0,301109.0,15.58,1755.53,3.03,1078.0,40,2109984.43
OUT0226,Franchise Outlet 0226,44861686.05,8419137.42,18.96,38147.0,213869.0,17.29,1175.6,2.95,1127.0,40,1121542.15
OUT0227,Franchise Outlet 0227,38045363.79,6637522.08,17.68,52005.0,308903.0,16.84,731.3,2.73,1282.0,40,951134.09
OUT0228,Franchise Outlet 0228,70760377.14,14437624.99,20.43,58002.0,341929.0,16.98,1221.6,3.8,735.0,40,1769009.43
OUT0229,Franchise Outlet 0229,31908057.71,5488112.1,17.29,32099.0,138304.0,23.21,995.65,3.28,939.0,40,797701.44
OUT0230,Franchise Outlet 0230,118875512.54,20491766.8,17.23,120288.0,357350.0,32.91,986.72,4.18,631.0,40,2971887.81
OUT0231,Franchise Outlet 0231,18043694.5,3559056.32,19.58,22969.0,158629.0,14.14,786.0,3.16,1044.0,40,451092.36
OUT0232,Franchise Outlet 0232,16091836.3,2883399.52,18.11,12158.0,66014.0,18.46,1322.97,2.91,1136.0,40,402295.91
OUT0233,Franchise Outlet 0233,67373134.5,12114267.06,17.75,40783.0,124060.0,32.72,1621.27,4.15,680.0,40,1684328.36
OUT0234,Franchise Outlet 0234,81411698.31,13334838.02,16.4,89683.0,307370.0,28.4,908.04,3.88,727.0,40,2035292.46
OUT0235,Franchise Outlet 0235,44482197.68,8136929.23,18.16,64784.0,315464.0,20.02,686.5,3.27,1000.0,40,1112054.94
OUT0236,Franchise Outlet 0236,43024523.78,8129153.91,19.11,24487.0,92125.0,26.5,1756.19,3.57,903.0,40,1075613.09
OUT0237,Franchise Outlet 0237,35224855.18,5864925.7,16.46,77507.0,387141.0,20.04,453.71,3.42,897.0,40,880621.38
OUT0238,Franchise Outlet 0238,53819649.4,10392486.92,19.38,37375.0,209678.0,17.83,1439.51,2.94,1112.0,40,1345491.24
OUT0239,Franchise Outlet 0239,134364222.63,24812476.58,18.59,90948.0,332406.0,24.7,1479.92,3.51,857.0,40,3359105.57
OUT0240,Franchise Outlet 0240,60759623.81,10401672.23,17.2,109367.0,433307.0,25.27,555.79,3.67,763.0,40,1518990.6
OUT0241,Franchise Outlet 0241,7508400.93,1181030.78,15.74,11175.0,58925.0,19.48,640.58,2.97,1076.0,40,187710.02
OUT0242,Franchise Outlet 0242,40750397.34,7707757.96,19.01,36173.0,190378.0,19.03,1126.55,2.85,1199.0,40,1018759.93
OUT0243,Franchise Outlet 0243,38158508.0,6710138.14,17.61,50714.0,224579.0,23.13,734.39,3.33,936.0,40,953962.7
OUT0244,Franchise Outlet 0244,52711119.23,9379606.43,17.69,41039.0,271524.0,15.12,1286.77,3.57,831.0,40,1317777.98
OUT0245,Franchise Outlet 0245,191365386.86,34522599.28,18.04,120862.0,446792.0,26.36,1583.04,4.25,660.0,40,4784134.67
OUT0246,Franchise Outlet 0246,34397325.99,5531273.19,16.14,28435.0,129997.0,21.88,1208.52,3.5,908.0,40,859933.15
OUT0247,Franchise Outlet 0247,131514778.86,23501627.39,17.82,92033.0,259384.0,35.46,1429.0,4.02,687.0,40,3287869.47
OUT0248,Franchise Outlet 0248,7984553.32,1395007.76,17.25,8609.0,58867.0,14.69,927.68,2.9,1209.0,40,199613.83
OUT0249,Franchise Outlet 0249,109116310.45,20339498.08,18.59,101291.0,364555.0,27.88,1046.43,4.08,650.0,40,2727907.76
OUT0250,Franchise Outlet 0250,206237517.58,41843662.21,20.19,188055.0,632907.0,29.72,1096.59,4.18,672.0,40,5155937.94
OUT0251,Franchise Outlet 0251,38126277.5,5831986.52,15.35,29632.0,281700.0,10.25,1288.03,2.82,1194.0,40,953156.94
OUT0252,Franchise Outlet 0252,32742386.04,5612473.03,17.19,46522.0,177135.0,26.25,704.36,3.87,742.0,40,818559.65
OUT0253,Franchise Outlet 0253,134245154.36,26497429.37,19.72,89228.0,433629.0,20.59,1505.08,3.46,898.0,40,3356128.86
OUT0254,Franchise Outlet 0254,161614167.81,25974120.02,16.09,129216.0,565721.0,22.85,1250.41,3.78,781.0,40,4040354.2
OUT0255,Franchise Outlet 0255,65237476.45,12761502.16,19.68,48401.0,269190.0,17.99,1346.68,3.24,1003.0,40,1630936.91
OUT0256,Franchise Outlet 0256,142822746.98,22603882.56,16.09,178697.0,539466.0,31.35,798.79,4.14,694.0,40,3570568.67
OUT0257,Franchise Outlet 0257,71488024.16,13705400.81,19.22,58852.0,288234.0,19.99,1179.9,3.12,980.0,40,1787200.6
OUT0258,Franchise Outlet 0258,72429028.35,12714483.0,17.41,42139.0,167738.0,25.13,1722.61,3.31,868.0,40,1810725.71
OUT0259,Franchise Outlet 0259,162863448.94,25035662.43,15.47,183354.0,575517.0,31.94,887.94,4.19,628.0,40,4071586.22
OUT0260,Franchise Outlet 0260,13673337.67,2317514.51,16.89,12863.0,69657.0,19.03,1032.06,3.09,1021.0,40,341833.44
OUT0261,Franchise Outlet 0261,21617269.0,3593618.68,16.52,33440.0,214664.0,15.59,646.82,3.27,891.0,40,540431.72
OUT0262,Franchise Outlet 0262,50704272.66,9070321.81,17.72,87741.0,424702.0,20.67,578.5,3.19,1036.0,40,1267606.82
OUT0263,Franchise Outlet 0263,40052378.71,6632777.87,16.48,42372.0,220921.0,19.18,945.41,2.93,1081.0,40,1001309.47
OUT0264,Franchise Outlet 0264,74178943.97,12211251.76,16.46,80854.0,306037.0,27.74,874.27,4.06,697.0,40,1854473.6
OUT0265,Franchise Outlet 0265,42503432.6,7467352.59,17.81,47463.0,183687.0,25.22,895.61,3.59,813.0,40,1062585.82
OUT0266,Franchise Outlet 0266,89770368.65,16894965.64,18.82,63263.0,299741.0,21.16,1415.08,3.37,932.0,40,2244259.22
OUT0267,Franchise Outlet 0267,143957685.91,25727311.37,17.96,127811.0,562554.0,22.75,1126.77,3.85,714.0,40,3598942.15
OUT0268,Franchise Outlet 0268,49426211.71,9377223.39,19.2,71160.0,377080.0,18.86,695.3,3.25,955.0,40,1235655.29
OUT0269,Franchise Outlet 0269,104940856.75,17429974.61,16.71,74124.0,399146.0,19.03,1382.92,3.3,955.0,40,2623521.42
OUT0270,Franchise Outlet 0270,13061708.7,2245558.98,17.33,23196.0,147841.0,14.45,563.3,2.83,1242.0,40,326542.72
OUT0271,Franchise Outlet 0271,45639955.26,8315025.9,18.23,27463.0,159951.0,16.32,1663.0,3.12,1105.0,40,1140998.88
OUT0272,Franchise Outlet 0272,32308100.2,6216755.0,19.14,27691.0,256044.0,10.8,1163.44,2.83,1225.0,40,807702.5
OUT0273,Franchise Outlet 0273,35635952.3,6395755.8,17.82,26056.0,129132.0,20.21,1367.47,3.35,939.0,40,890898.81
OUT0274,Franchise Outlet 0274,34929053.42,6177638.06,17.77,41657.0,198964.0,20.5,838.24,3.46,837.0,40,873226.34
OUT0275,Franchise Outlet 0275,224664207.58,38951965.1,17.23,140643.0,580996.0,24.17,1600.16,4.07,657.0,40,5616605.19
OUT0276,Franchise Outlet 0276,152791873.0,28298657.9,18.72,83592.0,307114.0,27.33,1774.66,4.06,679.0,40,3819796.82
OUT0277,Franchise Outlet 0277,31871715.79,5913708.2,18.61,52077.0,257405.0,20.22,610.78,3.16,1030.0,40,796792.89
OUT0278,Franchise Outlet 0278,21514975.1,3632584.55,17.0,36440.0,237408.0,15.36,590.85,3.23,987.0,40,537874.38
OUT0279,Franchise Outlet 0279,68759275.31,10907970.94,15.89,70708.0,233662.0,30.29,970.76,4.02,704.0,40,1718981.88
OUT0280,Franchise Outlet 0280,50949082.73,9520816.1,18.69,39938.0,174576.0,23.31,1247.23,3.51,888.0,40,1273727.07
OUT0281,Franchise Outlet 0281,67791507.04,12466729.48,18.32,73168.0,376644.0,19.43,926.94,3.14,1034.0,40,1694787.68
OUT0282,Franchise Outlet 0282,70975059.8,13629483.48,19.22,121722.0,387786.0,31.4,583.98,3.78,772.0,40,1774376.5
OUT0283,Franchise Outlet 0283,35832817.48,6476410.55,18.23,30319.0,278929.0,11.14,1154.13,2.95,1177.0,40,895820.44
OUT0284,Franchise Outlet 0284,4900663.92,950586.36,19.32,9654.0,74833.0,12.65,506.39,2.8,1266.0,40,122516.6
OUT0285,Franchise Outlet 0285,83328216.25,13839903.53,16.66,55014.0,261333.0,21.56,1478.85,3.18,1021.0,40,2083205.41
OUT0286,Franchise Outlet 0286,13877417.23,2304779.28,16.52,17990.0,122918.0,14.66,770.64,2.81,1244.0,40,346935.43
OUT0287,Franchise Outlet 0287,97077890.31,19947414.12,20.47,72129.0,345866.0,21.39,1310.68,3.25,1020.0,40,2426947.26
OUT0288,Franchise Outlet 0288,7342069.32,1228264.44,16.58,11171.0,76229.0,14.65,656.57,3.12,1089.0,40,183551.73
OUT0289,Franchise Outlet 0289,9308262.26,1799326.58,19.05,12412.0,88061.0,14.55,728.31,2.85,1135.0,40,232706.56
OUT0290,Franchise Outlet 0290,210991730.62,35699925.04,16.81,124053.0,384656.0,32.22,1698.09,4.09,675.0,40,5274793.27
OUT0291,Franchise Outlet 0291,23167407.71,4624214.9,19.91,29085.0,119131.0,23.9,796.88,3.66,839.0,40,579185.19
OUT0292,Franchise Outlet 0292,29994841.65,5463215.65,18.26,43713.0,168827.0,25.85,671.14,3.8,805.0,40,749871.04
OUT0293,Franchise Outlet 0293,45563523.01,8600904.41,18.71,42560.0,258299.0,16.06,1070.9,3.0,1091.0,40,1139088.08
OUT0294,Franchise Outlet 0294,150148104.79,27254258.18,18.09,112750.0,288932.0,39.1,1332.67,4.24,647.0,40,3753702.62
OUT0295,Franchise Outlet 0295,110038618.43,20210902.84,18.01,75851.0,341077.0,22.22,1448.3,3.37,894.0,40,2750965.46
OUT0296,Franchise Outlet 0296,39678288.16,7017137.16,17.79,62404.0,236195.0,26.34,634.53,3.57,856.0,40,991957.2
OUT0297,Franchise Outlet 0297,56163321.66,12110908.96,21.58,42229.0,231551.0,17.79,1329.88,2.94,1118.0,40,1404083.04
OUT0298,Franchise Outlet 0298,96882885.99,14712476.95,15.17,164930.0,574754.0,29.37,573.08,3.97,730.0,40,2422072.15
OUT0299,Franchise Outlet 0299,134393707.49,21743079.76,16.2,79067.0,348069.0,22.65,1656.47,3.75,737.0,40,3359842.69
OUT0300,Franchise Outlet 0300,228863807.74,36246572.96,15.91,133888.0,464050.0,29.58,1668.26,3.81,762.0,40,5721595.19
OUT0301,Franchise Outlet 0301,9430719.02,1621990.13,17.13,13751.0,77413.0,17.78,686.7,3.51,876.0,40,235767.98
OUT0302,Franchise Outlet 0302,21005416.05,3800476.71,18.02,16901.0,151100.0,11.18,1243.35,2.97,1106.0,40,525135.4
OUT0303,Franchise Outlet 0303,116824421.61,20036631.63,17.43,85887.0,432445.0,19.86,1360.54,3.4,896.0,40,2920610.54
OUT0304,Franchise Outlet 0304,51162675.29,9222537.92,18.03,47300.0,212227.0,23.54,1023.85,3.44,815.0,40,1279066.88
OUT0305,Franchise Outlet 0305,12858073.67,2336723.87,18.44,14632.0,90190.0,16.25,879.87,2.65,1342.0,40,321451.84
OUT0306,Franchise Outlet 0306,38555565.03,7365268.64,18.99,47914.0,310584.0,15.44,804.89,2.73,1306.0,40,963889.13
OUT0307,Franchise Outlet 0307,47896227.18,8915352.78,18.59,30882.0,135384.0,23.41,1510.16,3.14,1053.0,40,1197405.68
OUT0308,Franchise Outlet 0308,106546195.07,18625853.85,17.48,79278.0,443512.0,18.38,1308.25,3.32,922.0,40,2663654.88
OUT0309,Franchise Outlet 0309,22968331.22,3532208.25,15.24,24357.0,101434.0,24.08,943.3,3.77,740.0,40,574208.28
OUT0310,Franchise Outlet 0310,47279576.18,8550010.75,17.86,39624.0,254428.0,15.16,1191.32,2.73,1300.0,40,1181989.4
OUT0311,Franchise Outlet 0311,91483417.72,16299079.58,17.97,67563.0,201113.0,32.83,1314.37,4.11,696.0,40,2287085.44
OUT0312,Franchise Outlet 0312,45957594.03,7944069.3,17.29,28081.0,190481.0,14.77,1637.89,2.87,1306.0,40,1148939.85
OUT0313,Franchise Outlet 0313,48406452.46,8212810.33,17.06,29130.0,111338.0,26.74,1627.38,3.99,739.0,40,1210161.31
OUT0314,Franchise Outlet 0314,63734132.6,13274547.53,20.98,124677.0,421559.0,29.56,499.5,3.65,793.0,40,1593353.32
OUT0315,Franchise Outlet 0315,81573436.13,12998867.3,16.09,53442.0,213641.0,24.99,1526.93,3.09,1042.0,40,2039335.9
OUT0316,Franchise Outlet 0316,48304441.85,8268028.07,17.29,28933.0,88556.0,32.94,1620.63,3.77,744.0,40,1207611.05
OUT0317,Franchise Outlet 0317,193759064.77,31782145.29,16.38,113843.0,475663.0,23.86,1663.31,3.88,777.0,40,4843976.62
OUT0318,Franchise Outlet 0318,76122109.34,13822603.57,17.96,67494.0,307587.0,21.94,1128.28,3.23,1016.0,40,1903052.73
OUT0319,Franchise Outlet 0319,30200819.95,5936646.78,19.82,17911.0,131242.0,13.34,1686.42,2.77,1293.0,40,755020.5
OUT0320,Franchise Outlet 0320,29551747.97,4694854.63,16.04,46877.0,149011.0,31.54,629.97,4.22,695.0,40,738793.7
OUT0321,Franchise Outlet 0321,37792265.9,6772740.5,17.77,26525.0,153939.0,17.25,1424.73,3.32,891.0,40,944806.65
OUT0322,Franchise Outlet 0322,27813679.19,5014877.34,18.01,54328.0,173143.0,31.37,511.82,4.13,641.0,40,695341.98
OUT0323,Franchise Outlet 0323,49767809.86,8052725.77,16.3,32318.0,195839.0,16.52,1539.88,2.91,1165.0,40,1244195.25
OUT0324,Franchise Outlet 0324,230765307.99,41541480.03,18.09,142077.0,391823.0,37.19,1588.45,3.95,710.0,40,5769132.7
OUT0325,Franchise Outlet 0325,22731713.46,4221003.67,18.58,15991.0,123220.0,13.36,1382.0,2.71,1355.0,40,568292.84
OUT0326,Franchise Outlet 0326,54661043.14,9903028.31,18.09,36465.0,197449.0,18.46,1496.45,2.99,1113.0,40,1366526.08
OUT0327,Franchise Outlet 0327,68302311.22,11629076.41,17.05,111479.0,430584.0,25.84,613.34,3.41,909.0,40,1707557.78
OUT0328,Franchise Outlet 0328,39016019.3,7014737.71,17.85,64935.0,357867.0,18.15,600.12,3.1,1010.0,40,975400.48
OUT0329,Franchise Outlet 0329,13541044.76,2282214.68,16.78,12170.0,58645.0,20.27,1114.09,2.78,1218.0,40,338526.12
OUT0330,Franchise Outlet 0330,51653434.45,10182026.67,19.44,42833.0,163425.0,26.24,1205.73,3.8,731.0,40,1291335.86
OUT0331,Franchise Outlet 0331,83013043.52,13016161.4,15.63,54675.0,272142.0,20.1,1521.83,3.62,738.0,40,2075326.09
OUT0332,Franchise Outlet 0332,164946948.79,31572923.54,19.04,146204.0,462754.0,31.61,1128.35,3.86,704.0,40,4123673.72
OUT0333,Franchise Outlet 0333,49674655.78,8684668.37,17.48,33603.0,183464.0,18.31,1478.5,2.87,1275.0,40,1241866.39
OUT0334,Franchise Outlet 0334,91712777.68,15704023.32,16.91,52805.0,337854.0,16.01,1697.55,2.79,1201.0,40,2292819.44
OUT0335,Franchise Outlet 0335,14513137.79,2396761.27,16.38,22775.0,152342.0,14.97,636.86,2.92,1163.0,40,362828.44
OUT0336,Franchise Outlet 0336,15718791.09,3303987.66,20.92,30958.0,157680.0,19.63,507.74,3.65,813.0,40,392969.78
OUT0337,Franchise Outlet 0337,39561470.18,7696588.91,19.66,21885.0,143481.0,15.15,1762.56,2.74,1266.0,40,989036.75
OUT0338,Franchise Outlet 0338,78546231.53,15008674.48,19.14,60312.0,337402.0,17.87,1302.5,3.43,890.0,40,1963655.79
OUT0339,Franchise Outlet 0339,100827581.91,18242279.14,18.09,55934.0,200136.0,28.0,1800.44,3.55,902.0,40,2520689.55
OUT0340,Franchise Outlet 0340,92763647.4,17305137.87,18.54,134007.0,592918.0,22.59,691.78,3.93,697.0,40,2319091.18
OUT0341,Franchise Outlet 0341,78373353.56,15053671.53,19.14,60811.0,254809.0,23.88,1289.71,3.69,779.0,40,1959333.84
OUT0342,Franchise Outlet 0342,150999155.12,26212298.54,17.6,89496.0,309189.0,28.34,1686.69,3.31,945.0,40,3774978.88
OUT0343,Franchise Outlet 0343,25662392.44,4859309.75,19.17,28245.0,181397.0,15.59,908.82,3.3,963.0,40,641559.81
OUT0344,Franchise Outlet 0344,7489668.6,1293054.46,17.13,15249.0,81320.0,18.77,491.48,2.66,1339.0,40,187241.72
OUT0345,Franchise Outlet 0345,20583003.3,3587121.8,17.37,41680.0,190874.0,21.84,493.34,3.37,914.0,40,514575.08
OUT0346,Franchise Outlet 0346,140769635.75,25816686.91,18.28,111485.0,382791.0,29.14,1260.9,3.38,942.0,40,3519240.89
OUT0347,Franchise Outlet 0347,33054208.95,5691119.15,17.14,54493.0,217244.0,24.38,607.32,3.02,1036.0,40,826355.22
OUT0348,Franchise Outlet 0348,128996786.55,21337622.41,16.47,78047.0,417426.0,18.72,1653.79,3.33,957.0,40,3224919.66
OUT0349,Franchise Outlet 0349,273323182.2,43730317.65,16.12,160623.0,501884.0,32.04,1707.11,3.86,717.0,40,6833079.56
OUT0350,Franchise Outlet 0350,33122389.62,6523430.24,19.69,34996.0,177257.0,19.79,946.55,3.14,984.0,40,828059.74
OUT0351,Franchise Outlet 0351,26144551.26,4772391.94,18.5,39594.0,257351.0,16.08,631.04,3.34,864.0,40,653613.78
OUT0352,Franchise Outlet 0352,6562133.42,1311252.27,20.26,13789.0,104249.0,13.22,475.98,3.43,880.0,40,164053.34
OUT0353,Franchise Outlet 0353,40764549.21,7983121.81,20.0,23212.0,96107.0,24.13,1755.53,3.43,875.0,40,1019113.73
OUT0354,Franchise Outlet 0354,234398186.84,46644680.03,19.87,145253.0,552033.0,26.3,1613.22,3.76,761.0,40,5859954.67
OUT0355,Franchise Outlet 0355,49656983.79,9407894.31,19.21,34008.0,211739.0,16.1,1459.65,2.65,1458.0,40,1241424.59
OUT0356,Franchise Outlet 0356,21827361.07,3945474.33,17.94,28832.0,134391.0,21.49,757.28,3.61,749.0,40,545684.03
OUT0357,Franchise Outlet 0357,28570910.4,4841075.31,17.1,18390.0,136738.0,13.44,1556.05,2.8,1298.0,40,714272.76
OUT0358,Franchise Outlet 0358,109846944.92,18681240.03,16.83,67241.0,428246.0,16.16,1588.55,3.04,1045.0,40,2746173.62
OUT0359,Franchise Outlet 0359,200813546.74,37017788.34,18.29,119590.0,366540.0,31.84,1678.55,3.51,822.0,40,5020338.67
OUT0360,Franchise Outlet 0360,55882079.95,9308896.39,16.57,41007.0,148028.0,27.04,1363.48,3.8,780.0,40,1397052.0
OUT0361,Franchise Outlet 0361,122835206.62,24508051.85,19.76,129399.0,435661.0,31.37,899.13,3.98,747.0,40,3070880.17
OUT0362,Franchise Outlet 0362,52755980.25,10538089.12,19.99,33251.0,200248.0,16.61,1585.89,2.8,1132.0,40,1318899.51
OUT0363,Franchise Outlet 0363,23811668.41,4025851.66,17.03,26563.0,115011.0,22.57,895.23,3.45,834.0,40,595291.71
OUT0364,Franchise Outlet 0364,61503166.9,10474359.37,16.95,38924.0,248530.0,15.67,1579.5,2.81,1163.0,40,1537579.17
OUT0365,Franchise Outlet 0365,47218307.53,8281468.38,17.59,27628.0,256533.0,10.81,1710.35,2.75,1289.0,40,1180457.69
OUT0366,Franchise Outlet 0366,23923167.45,4556696.9,19.14,16951.0,108521.0,15.65,1412.31,3.08,1048.0,40,598079.19
OUT0367,Franchise Outlet 0367,59724944.45,9978214.99,16.73,52792.0,200945.0,26.31,1130.79,3.77,765.0,40,1493123.61
OUT0368,Franchise Outlet 0368,23565335.48,4443710.37,18.97,19222.0,140651.0,13.36,1225.92,2.67,1359.0,40,589133.39
OUT0369,Franchise Outlet 0369,60628332.67,11808142.2,19.45,62012.0,192988.0,31.23,978.8,3.82,726.0,40,1515708.32
OUT0370,Franchise Outlet 0370,135195587.6,22470949.24,16.37,92736.0,285083.0,32.56,1458.83,3.94,691.0,40,3379889.69
OUT0371,Franchise Outlet 0371,30050411.29,5869447.48,19.7,40330.0,153575.0,24.2,744.88,4.12,713.0,40,751260.28
OUT0372,Franchise Outlet 0372,43529332.41,8268632.67,19.17,27066.0,96789.0,28.76,1568.99,4.04,698.0,40,1088233.31
OUT0373,Franchise Outlet 0373,81730910.78,13572966.6,16.66,85310.0,414884.0,20.56,957.3,3.65,770.0,40,2043272.77
OUT0374,Franchise Outlet 0374,46684241.35,7890677.72,16.71,32831.0,170329.0,19.31,1420.96,2.88,1257.0,40,1167106.03
OUT0375,Franchise Outlet 0375,97000275.68,18024082.91,18.57,91497.0,427281.0,21.44,1060.29,3.43,921.0,40,2425006.89
OUT0376,Franchise Outlet 0376,60347752.6,11119782.43,18.33,68667.0,358315.0,19.18,879.37,3.21,1033.0,40,1508693.82
OUT0377,Franchise Outlet 0377,55139561.1,8762402.81,16.02,43456.0,203195.0,20.92,1268.59,3.13,985.0,40,1378489.03
OUT0378,Franchise Outlet 0378,84442759.4,14588148.07,17.19,97929.0,507604.0,19.34,862.14,3.52,839.0,40,2111068.99
OUT0379,Franchise Outlet 0379,111255024.27,18892332.24,17.03,72985.0,378256.0,19.3,1523.08,3.67,791.0,40,2781375.61
OUT0380,Franchise Outlet 0380,32547679.18,6272032.69,19.39,29632.0,141645.0,21.44,1075.15,4.15,631.0,40,813691.98
OUT0381,Franchise Outlet 0381,145732811.63,25689050.7,17.76,136543.0,539175.0,25.38,1065.92,4.17,590.0,40,3643320.29
OUT0382,Franchise Outlet 0382,118480787.31,22782528.02,19.38,86162.0,369336.0,22.72,1376.05,3.45,908.0,40,2962019.68
OUT0383,Franchise Outlet 0383,52877577.0,9773906.07,18.17,32124.0,175268.0,17.45,1648.37,3.42,889.0,40,1321939.42
OUT0384,Franchise Outlet 0384,30626989.0,5806286.93,18.79,19079.0,94084.0,19.81,1605.14,2.97,1111.0,40,765674.72
OUT0385,Franchise Outlet 0385,24229763.66,4683637.1,19.35,27656.0,124641.0,22.22,875.49,3.78,737.0,40,605744.09
OUT0386,Franchise Outlet 0386,136829351.29,24763128.44,18.1,148227.0,514919.0,28.82,922.36,3.81,819.0,40,3420733.78
OUT0387,Franchise Outlet 0387,28121691.99,5129019.73,18.18,26703.0,165105.0,16.18,1053.77,2.75,1293.0,40,703042.3
OUT0388,Franchise Outlet 0388,59204058.26,11603967.14,19.64,62156.0,273242.0,22.74,951.51,2.85,1110.0,40,1480101.46
OUT0389,Franchise Outlet 0389,10005473.4,1868918.12,18.78,20577.0,86398.0,23.88,486.13,3.24,961.0,40,250136.84
OUT0390,Franchise Outlet 0390,43811118.14,7911507.83,18.11,92347.0,321199.0,28.8,474.12,3.82,751.0,40,1095277.95
OUT0391,Franchise Outlet 0391,36217500.52,5998096.05,16.65,20935.0,160867.0,13.05,1729.18,2.73,1218.0,40,905437.51
OUT0392,Franchise Outlet 0392,18874721.33,3476676.58,18.3,24939.0,129401.0,19.3,756.98,2.86,1143.0,40,471868.03
OUT0393,Franchise Outlet 0393,36198986.45,6645122.07,18.32,41632.0,295300.0,14.44,850.35,3.11,1018.0,40,904974.66
OUT0394,Franchise Outlet 0394,37792170.23,6922590.45,18.53,43290.0,356781.0,11.85,875.73,2.98,1055.0,40,944804.26
OUT0395,Franchise Outlet 0395,152506058.11,29416098.84,19.23,92119.0,335193.0,28.1,1617.38,3.77,771.0,40,3812651.45
OUT0396,Franchise Outlet 0396,72948700.23,10571121.69,14.45,66183.0,340960.0,18.89,1102.92,2.84,1168.0,40,1823717.51
OUT0397,Franchise Outlet 0397,47532757.48,8021631.17,17.07,44188.0,283720.0,15.55,1076.35,2.7,1312.0,40,1188318.94
OUT0398,Franchise Outlet 0398,34362698.5,6284277.63,18.07,63124.0,207701.0,30.41,543.22,4.09,639.0,40,859067.46
OUT0399,Franchise Outlet 0399,24105127.36,4898384.33,20.5,21135.0,122673.0,16.79,1139.74,2.74,1229.0,40,602628.18
OUT0400,Franchise Outlet 0400,29088504.91,5719445.26,19.59,26345.0,96211.0,27.43,1104.33,3.58,877.0,40,727212.62
OUT0401,Franchise Outlet 0401,117379507.75,20720640.5,17.41,78534.0,265823.0,30.3,1455.74,4.0,650.0,40,2934487.69
OUT0402,Franchise Outlet 0402,36630387.67,6414382.85,17.47,38426.0,222032.0,17.74,931.01,3.26,837.0,40,915759.69
OUT0403,Franchise Outlet 0403,37736606.73,6878528.89,18.49,35718.0,163076.0,21.36,1055.85,2.85,1169.0,40,943415.17
OUT0404,Franchise Outlet 0404,19937073.3,3343740.9,16.88,11988.0,83713.0,13.62,1663.62,2.75,1248.0,40,498426.83
OUT0405,Franchise Outlet 0405,33573522.07,6673661.49,19.89,26811.0,283771.0,9.46,1250.6,2.98,1116.0,40,839338.05
OUT0406,Franchise Outlet 0406,61958929.94,11064199.84,17.95,97153.0,420088.0,23.04,623.27,4.15,637.0,40,1548973.25
OUT0407,Franchise Outlet 0407,63205207.04,11900101.53,19.03,40297.0,166694.0,24.85,1526.38,3.74,815.0,40,1580130.18
OUT0408,Franchise Outlet 0408,20323789.77,3685479.11,18.26,33306.0,214719.0,15.85,597.28,2.74,1337.0,40,508094.74
OUT0409,Franchise Outlet 0409,27832720.77,5454996.1,19.5,15795.0,71912.0,20.37,1759.82,3.19,981.0,40,695818.02
OUT0410,Franchise Outlet 0410,28974340.21,5517376.74,19.23,40100.0,175091.0,22.92,722.81,3.07,1026.0,40,724358.51
OUT0411,Franchise Outlet 0411,35507183.28,5836384.43,16.55,46327.0,200684.0,23.08,766.24,3.92,705.0,40,887679.58
OUT0412,Franchise Outlet 0412,88906354.97,16691243.88,18.75,92413.0,381315.0,23.59,961.17,3.69,782.0,40,2222658.87
OUT0413,Franchise Outlet 0413,154434344.93,29667948.41,19.39,94249.0,311937.0,30.24,1639.91,3.99,696.0,40,3860858.62
OUT0414,Franchise Outlet 0414,53892751.52,9763274.76,18.14,46808.0,324229.0,14.43,1151.42,2.94,1159.0,40,1347318.79
OUT0415,Franchise Outlet 0415,29603254.93,5551637.78,18.74,38524.0,340446.0,11.04,765.86,3.05,1108.0,40,740081.37
OUT0416,Franchise Outlet 0416,72621505.46,14263568.32,19.44,44208.0,211853.0,20.85,1642.64,3.18,949.0,40,1815537.64
OUT0417,Franchise Outlet 0417,35489647.9,6269213.21,17.92,28170.0,160923.0,17.53,1259.21,3.18,1016.0,40,887241.2
OUT0418,Franchise Outlet 0418,28258640.84,4855490.56,17.54,44935.0,189284.0,23.73,628.81,3.5,815.0,40,706466.02
OUT0419,Franchise Outlet 0419,132263591.88,24002753.66,18.12,95063.0,265508.0,35.84,1392.56,4.15,714.0,40,3306589.8
OUT0420,Franchise Outlet 0420,89557295.66,15635808.45,17.5,64489.0,336235.0,19.14,1386.56,3.89,701.0,40,2238932.39
OUT0421,Franchise Outlet 0421,14333251.85,2200820.5,15.56,19854.0,100187.0,19.82,722.16,3.18,1025.0,40,358331.3
OUT0422,Franchise Outlet 0422,218461483.0,41376310.22,18.83,146000.0,446083.0,33.71,1451.46,4.08,686.0,40,5461537.08
OUT0423,Franchise Outlet 0423,164199425.21,27961694.83,17.04,106481.0,430396.0,24.17,1543.37,3.64,767.0,40,4104985.63
OUT0424,Franchise Outlet 0424,24239048.8,4340207.74,17.93,25946.0,115418.0,21.95,935.02,3.31,936.0,40,605976.22
OUT0425,Franchise Outlet 0425,8216709.65,1603928.88,19.52,10532.0,98026.0,10.76,780.5,2.79,1257.0,40,205417.74
OUT0426,Franchise Outlet 0426,79783144.47,15941291.02,19.85,61616.0,305995.0,19.13,1295.18,3.51,864.0,40,1994578.61
OUT0427,Franchise Outlet 0427,25126815.28,4913121.94,19.56,22190.0,116482.0,19.06,1130.91,3.8,777.0,40,628170.38
OUT0428,Franchise Outlet 0428,74453012.22,12962196.07,17.45,66438.0,310912.0,21.38,1118.43,3.41,877.0,40,1861325.31
OUT0429,Franchise Outlet 0429,20793987.38,3479102.15,16.76,40757.0,156407.0,26.67,498.92,3.58,859.0,40,519849.68
OUT0430,Franchise Outlet 0430,18657646.76,3535209.94,18.7,32559.0,134452.0,24.3,557.27,3.15,1005.0,40,466441.17
OUT0431,Franchise Outlet 0431,67289844.58,10941102.63,16.2,50154.0,257451.0,18.99,1341.8,3.0,984.0,40,1682246.11
OUT0432,Franchise Outlet 0432,16476548.97,2778564.04,17.02,26714.0,133616.0,20.0,617.49,3.07,1018.0,40,411913.72
OUT0433,Franchise Outlet 0433,80605696.36,16233011.01,19.82,170398.0,562510.0,30.21,462.56,3.96,699.0,40,2015142.41
OUT0434,Franchise Outlet 0434,24087068.18,4154274.54,17.28,47241.0,180888.0,26.79,497.84,3.64,836.0,40,602176.7
OUT0435,Franchise Outlet 0435,158537144.7,27708209.96,17.82,87570.0,318480.0,28.12,1767.58,4.07,661.0,40,3963428.62
OUT0436,Franchise Outlet 0436,75444119.82,14921872.13,19.48,50105.0,285282.0,17.6,1505.35,2.71,1307.0,40,1886103.0
OUT0437,Franchise Outlet 0437,82704346.57,15127143.63,18.17,76697.0,295743.0,25.86,1077.68,3.14,998.0,40,2067608.66
OUT0438,Franchise Outlet 0438,20824755.75,4106899.89,19.46,39572.0,176735.0,22.95,513.48,3.58,800.0,40,520618.89
OUT0439,Franchise Outlet 0439,29423584.29,5928396.53,20.13,51604.0,258491.0,20.01,569.73,3.05,1066.0,40,735589.61
OUT0440,Franchise Outlet 0440,20343164.05,4061076.85,19.97,23632.0,116909.0,20.28,859.1,3.0,1159.0,40,508579.1
OUT0441,Franchise Outlet 0441,128070408.2,24772840.39,19.25,90429.0,289780.0,31.21,1416.18,3.94,771.0,40,3201760.2
OUT0442,Franchise Outlet 0442,16092420.13,2591210.67,16.08,27235.0,210757.0,12.93,591.19,2.73,1309.0,40,402310.5
OUT0443,Franchise Outlet 0443,38559541.49,7057280.76,18.27,32237.0,250141.0,12.88,1195.46,2.76,1215.0,40,963988.54
OUT0444,Franchise Outlet 0444,38336614.35,7476230.72,19.53,26669.0,187869.0,13.88,1437.86,2.72,1303.0,40,958415.36
OUT0445,Franchise Outlet 0445,260036759.92,46086837.04,17.73,157530.0,418987.0,37.64,1652.86,4.08,684.0,40,6500919.0
OUT0446,Franchise Outlet 0446,53261433.22,9151654.36,17.28,34401.0,119173.0,28.9,1546.47,4.13,669.0,40,1331535.83
OUT0447,Franchise Outlet 0447,30049985.64,5686216.85,18.75,59010.0,253627.0,23.28,509.22,3.4,914.0,40,751249.64
OUT0448,Franchise Outlet 0448,20144058.4,3580275.97,17.91,35331.0,230621.0,15.36,570.57,2.84,1246.0,40,503601.46
OUT0449,Franchise Outlet 0449,4220579.65,799814.35,18.77,9306.0,76595.0,12.19,453.22,2.98,1156.0,40,105514.49
OUT0450,Franchise Outlet 0450,49604761.16,8519231.85,17.24,42266.0,188406.0,22.43,1174.18,3.1,1031.0,40,1240119.03
OUT0451,Franchise Outlet 0451,38348498.91,6382922.07,16.73,74372.0,335387.0,22.19,515.68,3.19,1071.0,40,958712.47
OUT0452,Franchise Outlet 0452,20892987.35,3237385.63,15.65,34499.0,150959.0,22.28,605.92,2.81,1275.0,40,522324.68
OUT0453,Franchise Outlet 0453,20513165.01,3922899.64,19.2,15999.0,86762.0,17.55,1281.07,3.79,769.0,40,512829.13
OUT0454,Franchise Outlet 0454,70023614.54,11454082.82,16.46,75220.0,339334.0,22.78,905.49,4.06,685.0,40,1750590.36
OUT0455,Franchise Outlet 0455,36448942.17,6393711.48,17.73,32905.0,125013.0,26.36,1107.62,3.98,687.0,40,911223.55
OUT0456,Franchise Outlet 0456,112056740.07,19558390.28,17.44,116762.0,404671.0,28.86,960.52,3.85,716.0,40,2801418.5
OUT0457,Franchise Outlet 0457,199798746.13,34077712.73,17.15,158369.0,510874.0,30.95,1262.46,3.85,741.0,40,4994968.65
OUT0458,Franchise Outlet 0458,35697922.62,6975170.17,19.43,44308.0,183267.0,24.24,786.69,4.2,642.0,40,892448.07
OUT0459,Franchise Outlet 0459,154610800.73,27335696.52,17.87,95015.0,372359.0,25.59,1625.11,3.24,967.0,40,3865270.02
OUT0460,Franchise Outlet 0460,13259434.85,2726249.35,20.59,9042.0,89778.0,10.09,1465.58,2.95,1184.0,40,331485.87
OUT0461,Franchise Outlet 0461,43668967.22,8436436.23,19.34,27174.0,143860.0,18.92,1610.27,2.68,1302.0,40,1091724.18
OUT0462,Franchise Outlet 0462,50931193.28,9415978.77,18.44,30771.0,259873.0,11.84,1655.53,3.02,1092.0,40,1273279.83
OUT0463,Franchise Outlet 0463,194288613.01,33013322.19,16.97,133810.0,489218.0,28.03,1419.82,3.73,766.0,40,4857215.33
OUT0464,Franchise Outlet 0464,38396588.0,6971700.1,18.22,31123.0,161108.0,19.35,1235.22,3.72,757.0,40,959914.7
OUT0465,Franchise Outlet 0465,67951030.34,11989469.86,17.59,49558.0,244516.0,20.27,1371.0,3.16,1020.0,40,1698775.76
OUT0466,Franchise Outlet 0466,41192092.33,7785407.6,19.03,30061.0,126686.0,23.75,1370.75,3.0,1106.0,40,1029802.31
OUT0467,Franchise Outlet 0467,139066753.98,24892597.72,17.85,140282.0,532230.0,25.79,992.46,3.95,708.0,40,3476668.85
OUT0468,Franchise Outlet 0468,122445063.45,21601939.08,17.69,69434.0,205691.0,33.8,1761.67,4.21,718.0,40,3061126.59
OUT0469,Franchise Outlet 0469,177887926.13,34677324.55,19.53,154290.0,510501.0,30.19,1154.14,3.71,762.0,40,4447198.15
OUT0470,Franchise Outlet 0470,133222564.15,23763167.55,18.0,93007.0,358098.0,25.97,1433.38,3.24,1049.0,40,3330564.1
OUT0471,Franchise Outlet 0471,190867641.16,32004710.9,16.81,115555.0,462033.0,25.59,1617.11,3.99,734.0,40,4771691.03
OUT0472,Franchise Outlet 0472,85286561.74,16728837.65,19.37,99889.0,374219.0,26.69,853.16,3.94,705.0,40,2132164.04
OUT0473,Franchise Outlet 0473,105017870.02,19986674.53,18.98,108658.0,456025.0,23.85,966.49,4.26,638.0,40,2625446.75
OUT0474,Franchise Outlet 0474,46456990.22,7814816.66,16.76,38108.0,195372.0,20.02,1186.12,2.87,1160.0,40,1161424.76
OUT0475,Franchise Outlet 0475,132569716.77,22496500.48,16.91,78359.0,375595.0,20.37,1691.75,3.14,965.0,40,3314242.92
OUT0476,Franchise Outlet 0476,229001230.7,41965399.79,18.41,138411.0,441014.0,31.44,1648.71,4.01,708.0,40,5725030.77
OUT0477,Franchise Outlet 0477,44976766.56,7672312.58,16.9,34338.0,129281.0,26.55,1310.15,4.02,720.0,40,1124419.16
OUT0478,Franchise Outlet 0478,70578723.88,12541467.84,17.67,88644.0,400622.0,21.64,795.72,3.27,945.0,40,1764468.1
OUT0479,Franchise Outlet 0479,29353972.06,5140136.41,17.67,28164.0,105472.0,26.65,1042.39,3.17,992.0,40,733849.3
OUT0480,Franchise Outlet 0480,79522756.82,13550497.24,16.93,135952.0,445343.0,30.54,584.32,3.82,716.0,40,1988068.92
OUT0481,Franchise Outlet 0481,20766049.43,3675470.54,17.48,32102.0,125155.0,25.68,647.49,3.45,898.0,40,519151.24
OUT0482,Franchise Outlet 0482,43569632.61,9085536.5,20.9,27497.0,204358.0,13.46,1584.25,3.11,939.0,40,1089240.82
OUT0483,Franchise Outlet 0483,99036467.99,17962371.77,18.1,59983.0,331970.0,18.12,1652.16,3.02,1061.0,40,2475911.7
OUT0484,Franchise Outlet 0484,184967866.85,35162316.25,19.26,152059.0,559256.0,27.18,1215.61,4.01,677.0,40,4624196.67
OUT0485,Franchise Outlet 0485,32864773.44,6296245.69,19.27,42987.0,151988.0,28.28,763.96,3.75,817.0,40,821619.34
OUT0486,Franchise Outlet 0486,74911838.55,13503285.9,18.12,52343.0,288452.0,17.71,1430.37,2.75,1331.0,40,1872795.96
OUT0487,Franchise Outlet 0487,14697085.04,2666385.61,18.01,16412.0,101985.0,16.1,895.13,3.39,990.0,40,367427.13
OUT0488,Franchise Outlet 0488,71356379.89,12872849.13,18.1,44197.0,231401.0,19.14,1613.43,3.34,964.0,40,1783909.5
OUT0489,Franchise Outlet 0489,152948167.74,29596137.89,19.22,177687.0,541132.0,33.58,839.27,3.99,668.0,40,3823704.19
OUT0490,Franchise Outlet 0490,76045653.44,14530526.48,18.92,67343.0,253931.0,26.53,1129.41,4.15,681.0,40,1901141.34
OUT0491,Franchise Outlet 0491,8420027.22,1488829.83,17.71,8977.0,59855.0,15.03,939.29,2.91,1105.0,40,210500.68
OUT0492,Franchise Outlet 0492,134582728.64,24743511.42,18.42,113270.0,457066.0,24.33,1189.59,3.66,809.0,40,3364568.22
OUT0493,Franchise Outlet 0493,50218162.37,8431524.6,16.79,74286.0,394995.0,18.79,675.89,3.22,1029.0,40,1255454.06
OUT0494,Franchise Outlet 0494,39246427.49,7492702.01,18.98,26872.0,224186.0,11.95,1430.29,2.66,1270.0,40,981160.69
OUT0495,Franchise Outlet 0495,15066625.76,2661278.9,17.5,30367.0,163297.0,19.12,483.63,2.9,1160.0,40,376665.64
OUT0496,Franchise Outlet 0496,108027646.83,17771152.03,16.55,76411.0,374875.0,20.37,1416.19,4.13,646.0,40,2700691.17
OUT0497,Franchise Outlet 0497,36258549.18,6245995.32,17.28,63514.0,315767.0,19.57,556.73,2.88,1112.0,40,906463.73
OUT0498,Franchise Outlet 0498,10034736.56,1785972.91,17.81,15115.0,125399.0,12.12,647.36,2.74,1363.0,40,250868.41
OUT0499,Franchise Outlet 0499,72471577.23,12528456.23,17.39,50692.0,243169.0,20.9,1429.95,3.81,791.0,40,1811789.43
OUT0500,Franchise Outlet 0500,66987507.36,11777204.77,17.65,56615.0,276852.0,19.96,1154.96,3.75,714.0,40,1674687.68
OUT0501,Franchise Outlet 0501,40187513.86,7426124.42,18.43,48957.0,282569.0,17.32,822.89,2.78,1317.0,40,1004687.85
OUT0502,Franchise Outlet 0502,56473015.72,10478065.65,18.71,66231.0,351147.0,18.86,853.19,3.17,1035.0,40,1411825.39
OUT0503,Franchise Outlet 0503,58069617.07,10467776.78,17.87,49499.0,280793.0,17.64,1173.51,3.71,791.0,40,1451740.43
OUT0504,Franchise Outlet 0504,47353442.18,8196763.0,17.31,30157.0,136099.0,22.19,1569.71,3.46,853.0,40,1183836.05
OUT0505,Franchise Outlet 0505,20768249.56,3640983.32,17.75,25881.0,142162.0,18.24,801.3,3.28,994.0,40,519206.24
OUT0506,Franchise Outlet 0506,94145861.8,17296670.65,18.26,71336.0,215465.0,32.27,1321.7,4.31,649.0,40,2353646.54
OUT0507,Franchise Outlet 0507,22007276.01,3635090.15,16.79,30131.0,151152.0,20.61,708.85,3.34,885.0,40,550181.9
OUT0508,Franchise Outlet 0508,18313704.43,3230798.47,17.47,21927.0,113969.0,19.22,835.37,2.73,1289.0,40,457842.61
OUT0509,Franchise Outlet 0509,63615452.91,10935197.53,17.14,49115.0,243325.0,20.22,1296.33,4.12,677.0,40,1590386.32
OUT0510,Franchise Outlet 0510,44179299.93,7780156.32,17.63,28839.0,95821.0,29.35,1531.36,3.94,698.0,40,1104482.5
OUT0511,Franchise Outlet 0511,54734641.69,9709948.17,17.59,32426.0,133845.0,24.3,1689.31,3.96,725.0,40,1368366.04
OUT0512,Franchise Outlet 0512,56078092.37,9105366.96,16.24,34022.0,152283.0,22.35,1647.32,3.3,945.0,40,1401952.31
OUT0513,Franchise Outlet 0513,132780675.4,27508270.4,20.71,82499.0,362921.0,21.66,1609.91,4.07,694.0,40,3319516.88
OUT0514,Franchise Outlet 0514,90486446.11,14570855.75,16.13,90442.0,294817.0,30.71,1001.43,3.97,678.0,40,2262161.15
OUT0515,Franchise Outlet 0515,174566887.55,32777790.36,18.85,102974.0,352436.0,29.18,1697.34,3.99,722.0,40,4364172.19
OUT0516,Franchise Outlet 0516,193813132.0,36140916.14,18.77,119593.0,485713.0,25.26,1580.74,3.47,874.0,40,4845328.3
OUT0517,Franchise Outlet 0517,44860751.68,7842441.14,17.44,78095.0,393564.0,20.33,561.86,3.64,817.0,40,1121518.79
OUT0518,Franchise Outlet 0518,21875356.3,4322121.71,19.85,32526.0,244706.0,13.31,672.76,3.17,1025.0,40,546883.91
OUT0519,Franchise Outlet 0519,77296660.07,15093947.3,19.63,77757.0,390093.0,19.96,994.71,3.45,920.0,40,1932416.5
OUT0520,Franchise Outlet 0520,111384252.62,18101119.2,16.44,127142.0,520791.0,23.86,876.29,3.75,769.0,40,2784606.32
OUT0521,Franchise Outlet 0521,199024672.77,35553740.95,17.86,120691.0,436544.0,27.64,1650.05,4.12,729.0,40,4975616.82
OUT0522,Franchise Outlet 0522,181519343.34,31972076.92,17.54,140263.0,447344.0,31.38,1294.9,4.04,650.0,40,4537983.58
OUT0523,Franchise Outlet 0523,28715492.57,5390483.83,18.73,51175.0,173575.0,29.48,560.9,4.23,671.0,40,717887.31
OUT0524,Franchise Outlet 0524,39950911.1,7234100.05,18.24,43181.0,210742.0,20.57,900.3,3.32,888.0,40,998772.78
OUT0525,Franchise Outlet 0525,93430241.82,18765053.78,19.82,83532.0,294069.0,28.39,1118.98,3.86,692.0,40,2335756.05
OUT0526,Franchise Outlet 0526,123748067.7,23563705.86,19.07,68121.0,363633.0,18.74,1817.16,3.37,848.0,40,3093701.69
OUT0527,Franchise Outlet 0527,100193460.28,17908733.15,17.71,57313.0,342270.0,17.18,1705.8,3.07,1024.0,40,2504836.51
OUT0528,Franchise Outlet 0528,54881194.59,9363278.46,17.06,39618.0,262983.0,15.08,1348.84,3.0,997.0,40,1372029.86
OUT0529,Franchise Outlet 0529,82490141.61,14603711.45,17.86,84819.0,445759.0,19.13,947.88,3.39,835.0,40,2062253.54
OUT0530,Franchise Outlet 0530,64782151.15,12013818.49,18.62,37111.0,116182.0,30.92,1704.1,3.82,727.0,40,1619553.78
OUT0531,Franchise Outlet 0531,102715716.08,16918610.15,16.5,164834.0,560661.0,29.45,622.88,3.95,698.0,40,2567892.9
OUT0532,Franchise Outlet 0532,98058506.31,19170638.57,19.59,58444.0,273686.0,21.36,1676.82,3.11,1026.0,40,2451462.66
OUT0533,Franchise Outlet 0533,37236671.2,6713839.97,18.17,61442.0,194261.0,31.65,606.45,4.13,672.0,40,930916.78
OUT0534,Franchise Outlet 0534,82223990.19,14040837.02,17.18,77942.0,297502.0,26.88,1028.9,3.54,880.0,40,2055599.75
OUT0535,Franchise Outlet 0535,193089238.64,33560771.01,17.47,207772.0,550406.0,36.83,929.77,3.82,803.0,40,4827230.97
OUT0536,Franchise Outlet 0536,100655891.76,21206877.16,21.0,106348.0,471201.0,22.57,946.85,3.84,748.0,40,2516397.29
OUT0537,Franchise Outlet 0537,80342676.81,12323436.9,15.46,79468.0,274487.0,28.98,1010.52,3.71,782.0,40,2008566.92
OUT0538,Franchise Outlet 0538,30260537.15,5874878.37,19.56,34195.0,203844.0,16.78,885.28,3.07,1094.0,40,756513.43
OUT0539,Franchise Outlet 0539,75424884.8,14149361.62,18.79,50559.0,350861.0,14.45,1492.54,3.07,1087.0,40,1885622.12
OUT0540,Franchise Outlet 0540,80810557.05,13996946.56,17.3,60265.0,202876.0,29.05,1340.59,3.92,743.0,40,2020263.93
OUT0541,Franchise Outlet 0541,51254160.61,9140258.61,17.67,52196.0,215037.0,24.28,982.2,3.63,792.0,40,1281354.02
OUT0542,Franchise Outlet 0542,74484116.17,13117700.3,17.54,123676.0,448806.0,27.59,602.18,3.86,678.0,40,1862102.9
OUT0543,Franchise Outlet 0543,38777262.55,7719727.33,19.98,77446.0,365832.0,21.08,489.24,3.05,1064.0,40,969431.56
OUT0544,Franchise Outlet 0544,37753179.76,6279353.81,16.65,22239.0,87341.0,26.31,1605.85,3.83,730.0,40,943829.49
OUT0545,Franchise Outlet 0545,71855698.29,12551701.5,17.52,59901.0,328782.0,18.68,1172.19,3.38,930.0,40,1796392.46
OUT0546,Franchise Outlet 0546,54361500.18,9240136.31,17.04,74090.0,428854.0,16.03,733.88,3.57,900.0,40,1359037.5
OUT0547,Franchise Outlet 0547,44605572.23,8157435.57,18.17,31357.0,173835.0,18.06,1420.15,3.37,920.0,40,1115139.31
OUT0548,Franchise Outlet 0548,20613532.35,3819871.34,18.65,12843.0,87077.0,14.36,1606.34,3.33,901.0,40,515338.31
OUT0549,Franchise Outlet 0549,93650876.0,18865372.37,20.28,53591.0,318508.0,16.84,1747.52,3.07,1038.0,40,2341271.9
OUT0550,Franchise Outlet 0550,49465580.17,8248769.11,16.76,71753.0,283349.0,25.26,689.96,4.18,689.0,40,1236639.5
OUT0551,Franchise Outlet 0551,32652311.23,6304325.69,19.36,26856.0,126208.0,21.31,1215.06,2.74,1239.0,40,816307.78
OUT0552,Franchise Outlet 0552,43461730.39,7377584.86,17.08,29304.0,133620.0,21.95,1484.05,2.95,1103.0,40,1086543.26
OUT0553,Franchise Outlet 0553,36143699.7,6835843.73,18.78,43094.0,251273.0,17.14,837.89,3.64,844.0,40,903592.49
OUT0554,Franchise Outlet 0554,117157298.05,20512906.73,17.39,142505.0,455060.0,30.51,822.62,4.07,657.0,40,2928932.45
OUT0555,Franchise Outlet 0555,38462452.01,6267663.0,16.28,28445.0,171212.0,16.23,1351.95,2.87,1184.0,40,961561.3
OUT0556,Franchise Outlet 0556,75576694.55,13599016.08,18.09,94874.0,275355.0,33.58,795.89,3.93,758.0,40,1889417.36
OUT0557,Franchise Outlet 0557,38196849.2,6718732.89,17.44,43766.0,345070.0,12.35,871.13,2.81,1147.0,40,954921.23
OUT0558,Franchise Outlet 0558,122981804.07,21539320.75,17.69,69172.0,247120.0,28.75,1734.77,3.61,797.0,40,3074545.1
OUT0559,Franchise Outlet 0559,27937957.71,5549630.89,19.62,28524.0,234354.0,12.51,956.1,2.98,1025.0,40,698448.94
OUT0560,Franchise Outlet 0560,243556352.52,42998587.87,17.5,142633.0,459663.0,31.05,1657.07,3.69,760.0,40,6088908.81
OUT0561,Franchise Outlet 0561,222155674.74,37822384.24,17.03,155222.0,544676.0,28.51,1431.33,3.94,680.0,40,5553891.87
OUT0562,Franchise Outlet 0562,184116674.27,34072010.95,18.57,119882.0,454152.0,26.91,1502.5,3.67,797.0,40,4602916.86
OUT0563,Franchise Outlet 0563,75802415.78,14202189.16,18.73,147387.0,533659.0,27.59,514.31,3.92,716.0,40,1895060.39
OUT0564,Franchise Outlet 0564,49186147.86,10435370.86,21.18,31903.0,230510.0,13.83,1543.56,2.84,1172.0,40,1229653.7
OUT0565,Franchise Outlet 0565,74504202.41,12725452.52,17.41,50168.0,308242.0,16.29,1484.83,2.79,1268.0,40,1862605.06
OUT0566,Franchise Outlet 0566,47785800.58,8003350.57,16.84,52749.0,278880.0,18.89,905.44,2.79,1285.0,40,1194645.01
OUT0567,Franchise Outlet 0567,15182075.42,2571183.59,16.86,32771.0,164642.0,19.95,463.28,2.73,1158.0,40,379551.89
OUT0568,Franchise Outlet 0568,71404282.98,14708503.62,20.68,56794.0,332649.0,17.07,1255.43,3.73,762.0,40,1785107.07
OUT0569,Franchise Outlet 0569,30876516.46,5243815.2,16.97,17873.0,118571.0,15.04,1724.58,2.77,1248.0,40,771912.91
OUT0570,Franchise Outlet 0570,28883009.0,4300712.72,15.01,29683.0,120805.0,25.21,949.5,4.13,678.0,40,722075.22
OUT0571,Franchise Outlet 0571,126183245.29,22554029.79,17.72,125825.0,320632.0,39.25,1002.26,4.28,693.0,40,3154581.13
OUT0572,Franchise Outlet 0572,117054006.3,22803290.97,19.7,72346.0,255066.0,28.35,1619.05,3.46,829.0,40,2926350.16
OUT0573,Franchise Outlet 0573,81107019.11,14969441.73,18.47,47757.0,196101.0,23.68,1698.82,4.02,648.0,40,2027675.48
OUT0574,Franchise Outlet 0574,74469231.38,13049049.03,17.55,69296.0,405517.0,17.82,1029.91,3.1,1002.0,40,1861730.78
OUT0575,Franchise Outlet 0575,59146737.65,10175861.52,17.17,35558.0,166855.0,21.22,1627.0,3.28,965.0,40,1478668.44
OUT0576,Franchise Outlet 0576,98097861.05,20390461.63,20.77,65972.0,307414.0,21.5,1486.46,3.13,968.0,40,2452446.53
OUT0577,Franchise Outlet 0577,101641988.85,17760859.71,17.67,56981.0,294992.0,19.33,1781.55,3.94,714.0,40,2541049.72
OUT0578,Franchise Outlet 0578,29987716.53,6231194.72,20.7,48015.0,206712.0,23.72,612.25,4.0,705.0,40,749692.91
OUT0579,Franchise Outlet 0579,325527500.55,52966674.88,16.16,194355.0,563566.0,34.48,1676.01,3.96,762.0,40,8138187.51
OUT0580,Franchise Outlet 0580,56388598.7,11032849.36,19.53,48288.0,141294.0,35.1,1139.65,4.2,651.0,40,1409714.97
OUT0581,Franchise Outlet 0581,147675183.94,26727040.69,18.16,92040.0,421949.0,21.84,1604.27,3.82,752.0,40,3691879.6
OUT0582,Franchise Outlet 0582,153634678.07,29256577.51,19.08,91308.0,383820.0,24.37,1642.28,3.05,965.0,40,3840866.95
OUT0583,Franchise Outlet 0583,15761478.47,2741693.93,17.24,12504.0,96698.0,12.64,1263.02,2.88,1196.0,40,394036.96
OUT0584,Franchise Outlet 0584,55480182.78,11166745.99,20.23,36237.0,207919.0,16.57,1530.18,3.57,757.0,40,1387004.57
OUT0585,Franchise Outlet 0585,45662699.25,8711245.69,19.11,30552.0,184505.0,16.95,1457.42,3.04,1038.0,40,1141567.48
OUT0586,Franchise Outlet 0586,10485980.83,2051255.04,19.54,20479.0,114415.0,17.48,511.74,3.14,1050.0,40,262149.52
OUT0587,Franchise Outlet 0587,5403622.43,1079758.97,20.0,8538.0,63172.0,13.54,633.15,2.79,1291.0,40,135090.56
OUT0588,Franchise Outlet 0588,25413286.91,4163965.08,16.32,17035.0,111403.0,15.31,1492.59,2.73,1239.0,40,635332.17
OUT0589,Franchise Outlet 0589,34287783.82,5848932.72,16.87,64745.0,268727.0,24.08,529.76,3.51,869.0,40,857194.6
OUT0590,Franchise Outlet 0590,71807750.54,11880332.49,16.52,65833.0,353478.0,18.62,1090.8,3.75,754.0,40,1795193.76
OUT0591,Franchise Outlet 0591,126197542.08,22736873.21,17.98,98151.0,398937.0,23.96,1283.47,3.25,942.0,40,3154938.55
OUT0592,Franchise Outlet 0592,151705736.17,26765819.4,17.71,108032.0,425250.0,25.43,1401.52,3.63,796.0,40,3792643.4
OUT0593,Franchise Outlet 0593,23162092.35,4161638.01,18.02,22877.0,121619.0,18.8,1012.64,3.21,998.0,40,579052.31
OUT0594,Franchise Outlet 0594,150445768.31,27689828.8,18.26,141930.0,495638.0,27.97,1060.26,4.21,637.0,40,3761144.21
OUT0595,Franchise Outlet 0595,321958991.86,62565428.81,19.58,186267.0,550904.0,32.18,1727.89,4.13,715.0,40,8048974.8
OUT0596,Franchise Outlet 0596,51951954.69,8653954.45,16.64,32503.0,132422.0,24.57,1597.9,3.13,930.0,40,1298798.87
OUT0597,Franchise Outlet 0597,171092460.11,28342983.73,16.51,100752.0,368345.0,26.71,1696.83,3.66,841.0,40,4277311.5
OUT0598,Franchise Outlet 0598,19928439.99,3718931.3,18.61,15893.0,81588.0,19.49,1253.14,3.26,1022.0,40,498211.0
OUT0599,Franchise Outlet 0599,22539319.4,4537437.32,20.09,50027.0,187345.0,26.21,450.22,3.39,896.0,40,563482.98
OUT0600,Franchise Outlet 0600,19905007.15,3360973.95,17.05,17723.0,104013.0,17.54,1092.57,2.94,1102.0,40,497625.18
OUT0601,Franchise Outlet 0601,32879804.2,6756665.91,20.34,22184.0,226102.0,9.57,1485.06,2.85,1146.0,40,821995.1
OUT0602,Franchise Outlet 0602,16092685.8,2895523.63,18.12,22052.0,120264.0,18.36,729.85,2.95,1146.0,40,402317.14
OUT0603,Franchise Outlet 0603,33851298.59,6287755.22,18.51,34026.0,99974.0,34.07,992.88,4.11,676.0,40,846282.46
OUT0604,Franchise Outlet 0604,279000749.36,51625388.28,18.57,155757.0,479911.0,32.51,1790.01,4.13,675.0,40,6975018.73
OUT0605,Franchise Outlet 0605,27590126.03,5015189.78,18.38,45777.0,199787.0,23.57,586.07,3.43,840.0,40,689753.15
OUT0606,Franchise Outlet 0606,193724086.82,38575523.85,20.11,136415.0,424309.0,32.13,1419.1,4.18,638.0,40,4843102.17
OUT0607,Franchise Outlet 0607,60953373.25,11255957.52,18.59,43449.0,306625.0,14.15,1403.72,2.92,1136.0,40,1523834.33
OUT0608,Franchise Outlet 0608,198468351.37,33157286.51,16.57,151288.0,569362.0,25.85,1312.76,3.84,743.0,40,4961708.78
OUT0609,Franchise Outlet 0609,29310113.74,4701068.55,16.0,22400.0,91809.0,24.41,1307.22,3.25,925.0,40,732752.84
OUT0610,Franchise Outlet 0610,27658008.72,5067348.02,18.06,28164.0,252919.0,11.15,983.19,2.59,1255.0,40,691450.22
OUT0611,Franchise Outlet 0611,108102653.01,19971110.65,18.59,126685.0,461707.0,27.49,853.97,3.45,884.0,40,2702566.33
OUT0612,Franchise Outlet 0612,94070905.43,16219010.9,17.23,54750.0,312680.0,17.54,1713.4,3.26,954.0,40,2351772.64
OUT0613,Franchise Outlet 0613,30027099.81,5236260.44,17.47,64638.0,252388.0,24.96,464.52,4.01,708.0,40,750677.5
OUT0614,Franchise Outlet 0614,19463894.53,3003552.99,15.53,13082.0,64574.0,20.29,1489.91,2.91,1189.0,40,486597.36
OUT0615,Franchise Outlet 0615,385946519.99,68587357.46,17.94,222972.0,611932.0,37.59,1685.85,4.1,653.0,40,9648663.0
OUT0616,Franchise Outlet 0616,84385016.13,16072378.88,19.11,59297.0,319762.0,18.59,1422.18,2.65,1287.0,40,2109625.4
OUT0617,Franchise Outlet 0617,88572862.94,17204255.08,19.48,88547.0,298527.0,29.75,999.99,3.95,736.0,40,2214321.57
OUT0618,Franchise Outlet 0618,50059615.2,9853506.82,19.6,60455.0,284212.0,20.73,830.58,3.32,923.0,40,1251490.38
OUT0619,Franchise Outlet 0619,26974740.02,4838024.48,17.89,16135.0,90390.0,18.32,1629.01,3.2,924.0,40,674368.5
OUT0620,Franchise Outlet 0620,98139005.82,16736879.83,17.02,103554.0,472371.0,22.5,924.25,3.77,705.0,40,2453475.15
OUT0621,Franchise Outlet 0621,21432229.65,3789513.97,17.85,35037.0,146578.0,24.44,582.66,3.47,829.0,40,535805.74
OUT0622,Franchise Outlet 0622,30731869.59,5131316.98,16.65,22154.0,130496.0,17.0,1387.32,2.97,1120.0,40,768296.74
OUT0623,Franchise Outlet 0623,89180000.86,17612957.55,19.92,83639.0,394166.0,21.23,1066.29,3.46,855.0,40,2229500.02
OUT0624,Franchise Outlet 0624,109419106.67,18199493.39,16.66,108120.0,379128.0,28.49,1012.97,3.56,845.0,40,2735477.67
OUT0625,Franchise Outlet 0625,21906927.04,4055595.02,18.63,36703.0,287882.0,12.77,596.8,2.67,1268.0,40,547673.18
OUT0626,Franchise Outlet 0626,67835653.61,11557301.38,17.09,83626.0,412382.0,19.71,811.22,3.25,925.0,40,1695891.34
OUT0627,Franchise Outlet 0627,182813350.83,33712260.93,18.58,142582.0,461204.0,30.17,1282.16,3.8,853.0,40,4570333.77
OUT0628,Franchise Outlet 0628,19413597.05,3346886.37,17.37,14475.0,76215.0,19.03,1341.28,3.42,894.0,40,485339.93
OUT0629,Franchise Outlet 0629,44568951.74,8733828.45,19.57,31755.0,166274.0,18.62,1404.34,3.34,987.0,40,1114223.79
OUT0630,Franchise Outlet 0630,30717174.83,5000422.85,16.47,42573.0,244134.0,17.46,721.51,3.28,894.0,40,767929.37
OUT0631,Franchise Outlet 0631,71882057.98,14510091.08,20.3,67384.0,248083.0,25.62,1046.56,3.62,774.0,40,1797051.45
OUT0632,Franchise Outlet 0632,91406727.89,16781754.37,18.57,88820.0,319908.0,27.79,1029.1,3.99,721.0,40,2285168.2
OUT0633,Franchise Outlet 0633,44348108.65,7976236.22,17.99,26997.0,123997.0,22.31,1604.12,3.13,995.0,40,1108702.72
OUT0634,Franchise Outlet 0634,74484258.16,11176149.81,15.04,42816.0,326229.0,13.03,1705.3,3.68,736.0,40,1862106.45
OUT0635,Franchise Outlet 0635,60574551.33,10542821.98,17.21,44250.0,210635.0,21.01,1368.54,3.29,906.0,40,1514363.78
OUT0636,Franchise Outlet 0636,72665390.91,14375703.85,20.1,47083.0,236139.0,19.94,1543.27,3.23,1080.0,40,1816634.77
OUT0637,Franchise Outlet 0637,95815110.63,15681570.88,16.45,117795.0,401784.0,28.55,813.14,3.54,846.0,40,2395377.77
OUT0638,Franchise Outlet 0638,72354295.81,13220519.29,18.31,58801.0,215181.0,27.29,1232.69,3.51,820.0,40,1808857.4
OUT0639,Franchise Outlet 0639,56262720.48,9791374.58,17.44,55539.0,200869.0,27.67,1012.48,4.14,690.0,40,1406568.01
OUT0640,Franchise Outlet 0640,204714935.79,41616228.22,20.49,138062.0,500040.0,27.64,1483.66,3.65,809.0,40,5117873.39
OUT0641,Franchise Outlet 0641,153103527.34,29201809.27,19.13,86161.0,225921.0,39.15,1730.48,4.09,630.0,40,3827588.18
OUT0642,Franchise Outlet 0642,182386134.06,34607609.43,18.92,107487.0,532507.0,21.18,1615.97,3.98,714.0,40,4559653.35
OUT0643,Franchise Outlet 0643,65048211.35,11301382.15,17.65,102896.0,424575.0,23.61,632.35,4.04,670.0,40,1626205.28
OUT0644,Franchise Outlet 0644,64997015.62,11440880.56,17.4,117382.0,456661.0,24.43,553.59,3.88,673.0,40,1624925.39
OUT0645,Franchise Outlet 0645,15823609.35,3036155.64,19.13,21509.0,103781.0,20.77,735.78,3.1,1086.0,40,395590.23
OUT0646,Franchise Outlet 0646,196756631.95,31229839.61,15.88,148998.0,465127.0,31.96,1321.3,4.09,683.0,40,4918915.8
OUT0647,Franchise Outlet 0647,123357733.83,22978652.43,18.76,87107.0,398479.0,21.88,1416.82,4.09,638.0,40,3083943.35
OUT0648,Franchise Outlet 0648,52347516.25,10298219.31,19.81,87558.0,427612.0,20.48,582.4,3.56,847.0,40,1308687.91
OUT0649,Franchise Outlet 0649,39938660.77,6984992.46,17.55,61448.0,346121.0,18.18,635.04,3.58,911.0,40,998466.52
OUT0650,Franchise Outlet 0650,19155799.48,3511776.47,18.28,19004.0,175048.0,10.89,1006.96,2.8,1221.0,40,478894.99
OUT0651,Franchise Outlet 0651,43249388.81,7570157.6,17.62,61112.0,228786.0,25.97,708.59,4.3,678.0,40,1081234.72
OUT0652,Franchise Outlet 0652,67963194.72,11863948.59,17.36,71679.0,428115.0,16.76,948.33,3.41,830.0,40,1699079.87
OUT0653,Franchise Outlet 0653,36217263.35,6400720.05,17.65,26991.0,158945.0,17.03,1342.38,2.87,1106.0,40,905431.58
OUT0654,Franchise Outlet 0654,79013020.31,14602699.01,18.59,64373.0,225886.0,28.49,1227.4,3.73,805.0,40,1975325.51
OUT0655,Franchise Outlet 0655,56459525.32,9313807.49,16.51,89243.0,427988.0,20.86,633.57,4.05,668.0,40,1411488.13
OUT0656,Franchise Outlet 0656,91176728.51,15810352.89,17.29,133803.0,498145.0,26.86,681.44,4.06,784.0,40,2279418.21
OUT0657,Franchise Outlet 0657,48490385.65,8896136.01,18.53,68361.0,311574.0,21.99,709.95,2.92,1152.0,40,1212259.64
OUT0658,Franchise Outlet 0658,38513946.32,6918204.99,18.18,32584.0,213287.0,14.9,1182.42,3.16,1041.0,40,962848.66
OUT0659,Franchise Outlet 0659,9078362.91,1738206.1,19.03,6361.0,54589.0,12.0,1393.92,2.74,1308.0,40,226959.07
OUT0660,Franchise Outlet 0660,156523275.96,28998967.86,18.77,121073.0,481914.0,25.13,1257.01,3.61,775.0,40,3913081.9
OUT0661,Franchise Outlet 0661,92627572.2,16808952.44,17.81,75000.0,347620.0,22.03,1207.64,3.11,1065.0,40,2315689.31
OUT0662,Franchise Outlet 0662,20302164.72,3394313.36,16.64,12676.0,101079.0,12.27,1601.21,2.93,1110.0,40,507554.12
OUT0663,Franchise Outlet 0663,22405927.59,3733428.29,16.84,46803.0,260429.0,17.14,477.87,3.19,988.0,40,560148.19
OUT0664,Franchise Outlet 0664,36518356.58,6834817.51,18.83,45840.0,200552.0,23.3,780.64,3.79,794.0,40,912958.91
OUT0665,Franchise Outlet 0665,38963364.17,6990697.46,18.01,34179.0,248702.0,13.76,1137.33,3.82,766.0,40,974084.1
OUT0666,Franchise Outlet 0666,143838107.45,24060516.89,16.85,81083.0,366607.0,22.16,1773.66,3.33,982.0,40,3595952.69
OUT0667,Franchise Outlet 0667,225869071.43,39392993.8,17.49,179745.0,558403.0,32.19,1255.6,3.93,704.0,40,5646726.79
OUT0668,Franchise Outlet 0668,83126780.29,14734765.59,17.65,46662.0,221043.0,21.12,1785.19,3.11,1081.0,40,2078169.51
OUT0669,Franchise Outlet 0669,111259439.24,17538388.2,15.88,84429.0,233260.0,37.06,1287.21,4.22,656.0,40,2781485.98
OUT0670,Franchise Outlet 0670,18362834.23,3170749.32,17.37,24065.0,170109.0,14.18,763.43,2.79,1223.0,40,459070.86
OUT0671,Franchise Outlet 0671,124922585.95,23712071.25,18.98,97871.0,397413.0,24.63,1276.56,3.76,789.0,40,3123064.65
OUT0672,Franchise Outlet 0672,115395025.67,21724357.08,18.82,66845.0,284210.0,22.97,1725.9,3.86,740.0,40,2884875.64
OUT0673,Franchise Outlet 0673,66205074.8,12804088.65,19.43,50429.0,221016.0,21.78,1312.71,3.83,785.0,40,1655126.87
OUT0674,Franchise Outlet 0674,10391068.52,1727591.13,16.58,12143.0,83152.0,14.64,855.5,2.97,1117.0,40,259776.71
OUT0675,Franchise Outlet 0675,74646638.18,12196157.52,16.08,64637.0,237635.0,27.19,1153.07,3.15,1026.0,40,1866165.95
OUT0676,Franchise Outlet 0676,35693931.9,6243896.56,17.51,38933.0,140462.0,27.74,916.05,3.89,727.0,40,892348.3
OUT0677,Franchise Outlet 0677,105096727.14,18907025.13,18.01,90806.0,483010.0,18.79,1155.69,3.68,780.0,40,2627418.18
OUT0678,Franchise Outlet 0678,24288230.74,4796753.77,19.64,20424.0,107934.0,18.93,1187.36,3.38,904.0,40,607205.77
OUT0679,Franchise Outlet 0679,62891413.61,11044650.59,17.41,106664.0,468785.0,22.75,590.9,3.57,824.0,40,1572285.34
OUT0680,Franchise Outlet 0680,70049553.29,11103219.86,15.75,140716.0,442579.0,33.48,472.76,4.12,674.0,40,1751238.83
OUT0681,Franchise Outlet 0681,21572044.6,3893563.01,18.03,23332.0,185870.0,12.6,925.3,3.17,1005.0,40,539301.12
OUT0682,Franchise Outlet 0682,35295691.46,6594521.13,18.79,40102.0,200887.0,19.98,879.25,2.89,1293.0,40,882392.29
OUT0683,Franchise Outlet 0683,32646999.1,6342309.67,19.34,46949.0,167675.0,28.01,695.31,4.08,668.0,40,816174.98
OUT0684,Franchise Outlet 0684,29623669.57,5091011.41,17.34,17094.0,101741.0,17.22,1687.96,3.19,1023.0,40,740591.74
OUT0685,Franchise Outlet 0685,143584811.46,27133160.61,19.09,136658.0,511621.0,26.69,1051.16,3.79,735.0,40,3589620.29
OUT0686,Franchise Outlet 0686,7324391.15,1256657.28,17.14,15287.0,67247.0,22.76,479.03,2.66,1298.0,40,183109.78
OUT0687,Franchise Outlet 0687,46349897.92,7784588.55,16.94,52765.0,217609.0,24.29,878.71,3.56,802.0,40,1158747.45
OUT0688,Franchise Outlet 0688,31257319.48,5805922.71,18.76,20217.0,187522.0,10.79,1546.57,3.03,1066.0,40,781432.99
OUT0689,Franchise Outlet 0689,23059433.99,3819706.3,16.54,15222.0,80934.0,18.82,1514.77,3.65,859.0,40,576485.85
OUT0690,Franchise Outlet 0690,182332188.82,29225289.92,16.04,135661.0,455931.0,29.74,1343.39,3.61,869.0,40,4558304.72
OUT0691,Franchise Outlet 0691,83760604.05,15846937.12,18.88,61297.0,316890.0,19.39,1367.06,3.22,930.0,40,2094015.1
OUT0692,Franchise Outlet 0692,38154680.85,6374336.5,16.65,33133.0,145891.0,22.21,1152.4,3.15,982.0,40,953867.02
OUT0693,Franchise Outlet 0693,172687351.61,29121498.42,16.98,122453.0,369875.0,32.23,1409.0,3.71,731.0,40,4317183.79
OUT0694,Franchise Outlet 0694,53935549.53,10169907.54,18.76,61933.0,328381.0,18.85,870.38,4.09,666.0,40,1348388.74
OUT0695,Franchise Outlet 0695,106031452.74,18052964.95,17.02,85653.0,435362.0,19.66,1238.38,4.14,650.0,40,2650786.32
OUT0696,Franchise Outlet 0696,53501220.2,8683868.63,16.35,34513.0,196968.0,17.53,1549.34,2.74,1236.0,40,1337530.51
OUT0697,Franchise Outlet 0697,88327103.24,17023270.89,19.2,77762.0,374251.0,21.25,1109.99,3.42,879.0,40,2208177.58
OUT0698,Franchise Outlet 0698,73485524.22,15592160.68,21.13,87505.0,409075.0,21.44,839.68,3.7,712.0,40,1837138.11
OUT0699,Franchise Outlet 0699,74162006.11,16403701.93,22.08,133822.0,430809.0,31.07,554.41,4.24,708.0,40,1854050.15
OUT0700,Franchise Outlet 0700,14016902.26,2335404.64,16.69,27390.0,192812.0,13.82,511.37,3.1,1024.0,40,350422.56
OUT0701,Franchise Outlet 0701,63272165.76,12157205.73,19.31,66408.0,268118.0,24.75,953.57,3.59,783.0,40,1581804.14
OUT0702,Franchise Outlet 0702,155717974.69,26513795.25,16.98,136807.0,447383.0,30.58,1138.88,4.14,715.0,40,3892949.37
OUT0703,Franchise Outlet 0703,93976186.3,16345441.8,17.5,57842.0,177160.0,32.67,1626.76,4.19,657.0,40,2349404.66
OUT0704,Franchise Outlet 0704,15421840.62,2828425.29,18.31,19638.0,97348.0,20.19,784.16,3.16,1032.0,40,385546.02
OUT0705,Franchise Outlet 0705,40600763.65,6385376.45,15.67,33400.0,99775.0,33.5,1212.08,4.09,694.0,40,1015019.09
OUT0706,Franchise Outlet 0706,35572137.32,6901890.59,19.6,56826.0,323895.0,18.0,610.83,3.37,875.0,40,889303.43
OUT0707,Franchise Outlet 0707,156511515.54,25596289.38,16.51,137182.0,572291.0,24.05,1140.66,4.11,687.0,40,3912787.89
OUT0708,Franchise Outlet 0708,89102473.44,16808720.83,18.82,89496.0,431339.0,20.74,999.66,3.52,888.0,40,2227561.84
OUT0709,Franchise Outlet 0709,42015799.55,7671486.0,18.27,79800.0,388580.0,20.54,526.77,3.31,964.0,40,1050394.99
OUT0710,Franchise Outlet 0710,58475816.8,11026732.94,18.91,39803.0,179098.0,23.36,1397.71,3.09,1082.0,40,1461895.42
OUT0711,Franchise Outlet 0711,110076972.0,19466065.38,17.76,91306.0,358433.0,24.79,1205.9,3.21,925.0,40,2751924.3
OUT0712,Franchise Outlet 0712,119644988.98,21049044.04,17.64,131402.0,411446.0,31.95,911.52,3.86,678.0,40,2991124.72
OUT0713,Franchise Outlet 0713,166665189.61,31366988.8,18.87,112839.0,389152.0,28.99,1478.28,4.12,741.0,40,4166629.74
OUT0714,Franchise Outlet 0714,76882347.12,14296214.35,18.53,68282.0,251963.0,27.09,1128.19,3.66,818.0,40,1922058.68
OUT0715,Franchise Outlet 0715,21437414.74,3775946.87,17.63,17311.0,81915.0,20.61,1240.15,2.85,1222.0,40,535935.37
OUT0716,Franchise Outlet 0716,158933669.08,29453916.57,18.72,156051.0,370866.0,42.1,1017.05,4.18,724.0,40,3973341.73
OUT0717,Franchise Outlet 0717,92870384.66,15784011.05,17.12,89256.0,355440.0,23.77,1040.07,3.86,735.0,40,2321759.62
OUT0718,Franchise Outlet 0718,162281509.16,26706638.88,16.56,107127.0,452673.0,23.67,1514.2,3.86,734.0,40,4057037.73
OUT0719,Franchise Outlet 0719,85382567.43,16045011.25,18.57,54234.0,233277.0,23.25,1574.61,3.17,1018.0,40,2134564.19
OUT0720,Franchise Outlet 0720,18973844.2,3080650.31,16.27,27151.0,177185.0,15.32,698.84,4.05,679.0,40,474346.1
OUT0721,Franchise Outlet 0721,90446539.04,17135324.56,19.15,101106.0,355293.0,29.1,875.37,3.9,687.0,40,2261163.48
OUT0722,Franchise Outlet 0722,45699069.72,8320433.14,18.2,46302.0,224957.0,20.59,986.02,2.98,1203.0,40,1142476.74
OUT0723,Franchise Outlet 0723,315954420.41,65532570.33,20.79,227996.0,548929.0,41.51,1384.45,3.88,711.0,40,7898860.51
OUT0724,Franchise Outlet 0724,131833368.58,22556750.87,17.1,80896.0,376011.0,21.53,1592.27,3.64,838.0,40,3295834.21
OUT0725,Franchise Outlet 0725,79148746.66,13535279.16,17.32,46073.0,240166.0,19.18,1719.81,3.03,1088.0,40,1978718.67
OUT0726,Franchise Outlet 0726,70857990.26,12524259.24,17.75,62798.0,416831.0,15.07,1126.66,3.67,713.0,40,1771449.76
OUT0727,Franchise Outlet 0727,29357557.15,5491578.21,18.91,23293.0,156087.0,14.93,1260.58,2.86,1172.0,40,733938.93
OUT0728,Franchise Outlet 0728,96719580.11,18862406.96,19.67,59784.0,255571.0,23.4,1619.64,3.0,1028.0,40,2417989.5
OUT0729,Franchise Outlet 0729,40211007.09,7210660.26,17.8,59036.0,323919.0,18.26,680.92,3.31,1039.0,40,1005275.18
OUT0730,Franchise Outlet 0730,35651290.07,6712112.24,18.97,26626.0,153524.0,17.34,1338.54,3.27,936.0,40,891282.25
OUT0731,Franchise Outlet 0731,35694098.49,6010769.17,16.9,22069.0,117377.0,18.79,1617.48,2.99,1173.0,40,892352.46
OUT0732,Franchise Outlet 0732,154643615.25,28508054.42,18.3,113157.0,403232.0,28.08,1366.51,3.96,701.0,40,3866090.38
OUT0733,Franchise Outlet 0733,31664378.59,6095892.1,19.4,55240.0,255742.0,21.58,573.16,4.15,691.0,40,791609.46
OUT0734,Franchise Outlet 0734,134857228.35,23652820.58,17.56,127669.0,464377.0,27.53,1056.54,4.2,694.0,40,3371430.71
OUT0735,Franchise Outlet 0735,306016828.62,52834117.05,17.4,228982.0,604987.0,37.81,1336.45,4.14,711.0,40,7650420.72
OUT0736,Franchise Outlet 0736,65585822.17,11985462.92,18.24,49352.0,179818.0,27.48,1329.51,3.92,682.0,40,1639645.55
OUT0737,Franchise Outlet 0737,120694652.84,23025577.62,19.05,122679.0,411991.0,29.78,984.16,4.1,767.0,40,3017366.32
OUT0738,Franchise Outlet 0738,20615538.96,3743944.69,18.3,15493.0,123325.0,12.59,1330.31,2.78,1237.0,40,515388.47
OUT0739,Franchise Outlet 0739,63075298.93,12230650.29,19.38,39323.0,343799.0,11.71,1566.94,3.02,1092.0,40,1576882.47
OUT0740,Franchise Outlet 0740,116357269.45,20233821.62,17.24,95820.0,345532.0,27.72,1215.78,3.45,938.0,40,2908931.74
OUT0741,Franchise Outlet 0741,66408109.3,11904706.92,17.92,43926.0,245437.0,17.83,1511.28,3.11,1008.0,40,1660202.73
OUT0742,Franchise Outlet 0742,60440860.22,11370900.77,18.86,51842.0,372160.0,13.62,1164.87,3.4,869.0,40,1511021.51
OUT0743,Franchise Outlet 0743,214028987.34,35408927.22,16.41,181460.0,547476.0,32.31,1180.35,4.06,667.0,40,5350724.68
OUT0744,Franchise Outlet 0744,27476411.24,5214659.35,18.88,30114.0,106126.0,28.37,912.84,3.53,827.0,40,686910.28
OUT0745,Franchise Outlet 0745,51802218.34,8651240.34,16.64,64990.0,378492.0,17.21,797.37,3.14,999.0,40,1295055.46
OUT0746,Franchise Outlet 0746,36977630.74,6777777.05,18.44,23954.0,126159.0,19.03,1544.17,2.85,1204.0,40,924440.77
OUT0747,Franchise Outlet 0747,25894219.34,4878445.04,18.94,26977.0,165921.0,16.25,959.95,3.32,847.0,40,647355.48
OUT0748,Franchise Outlet 0748,168973445.24,33696736.55,19.89,123650.0,481412.0,25.68,1366.79,3.49,820.0,40,4224336.13
OUT0749,Franchise Outlet 0749,26956997.27,4985817.86,18.4,41236.0,256169.0,16.68,632.57,2.94,1084.0,40,673924.93
OUT0750,Franchise Outlet 0750,49456138.42,8169968.35,16.65,88405.0,231518.0,36.33,559.68,4.05,678.0,40,1236403.46
